{
    "features": [
        {
            "geometry": {
                "coordinates": [
                    -86.918359,
                    40.4404217
                ],
                "type": "Point"
            },
            "properties": {
                "brand": "Flock Safety",
                "direction": 170,
                "mountType": "pole",
                "osmId": 6961175971,
                "osmTimestamp": "2025-10-15T14:22:27Z",
                "osmType": "node",
                "osmVersion": 3,
                "owner": "unknown",
                "surveillanceZone": "unknown"
            },
            "type": "Feature"
        },
        {
            "geometry": {
                "coordinates": [
                    -86.9000348,
                    40.4193618
                ],
                "type": "Point"
            },
            "properties": {
                "brand": "Flock Safety",
                "direction": 320,
                "mountType": "pole",
                "osmId": 12437509093,
                "osmTimestamp": "2024-12-20T20:06:33Z",
                "osmType": "node",
                "osmVersion": 1,
                "owner": "unknown",
                "surveillanceZone": "traffic"
            },
            "type": "Feature"
        },
        {
            "geometry": {
                "coordinates": [
                    -86.8981998,
                    40.4181021
                ],
                "type": "Point"
            },
            "properties": {
                "brand": "Flock Safety",
                "direction": 105,
                "mountType": "pole",
                "osmId": 12437524320,
                "osmTimestamp": "2024-12-20T20:01:58Z",
                "osmType": "node",
                "osmVersion": 1,
                "owner": "unknown",
                "surveillanceZone": "traffic"
            },
            "type": "Feature"
        },
        {
            "geometry": {
                "coordinates": [
                    -86.9188636,
                    40.3722766
                ],
                "type": "Point"
            },
            "properties": {
                "brand": "Flock Safety",
                "direction": 330,
                "osmId": 12873197650,
                "osmTimestamp": "2025-05-29T13:39:51Z",
                "osmType": "node",
                "osmVersion": 1,
                "owner": "unknown",
                "surveillanceZone": "unknown"
            },
            "type": "Feature"
        },
        {
            "geometry": {
                "coordinates": [
                    -86.8229567,
                    40.4177991
                ],
                "type": "Point"
            },
            "properties": {
                "brand": "Flock Safety",
                "direction": 240,
                "osmId": 13165170480,
                "osmTimestamp": "2025-09-23T12:59:15Z",
                "osmType": "node",
                "osmVersion": 1,
                "owner": "unknown",
                "surveillanceZone": "traffic"
            },
            "type": "Feature"
        },
        {
            "geometry": {
                "coordinates": [
                    -86.9616787,
                    40.4672483
                ],
                "type": "Point"
            },
            "properties": {
                "brand": "Flock Safety",
                "direction": 53,
                "osmId": 13305591701,
                "osmTimestamp": "2025-11-15T01:04:08Z",
                "osmType": "node",
                "osmVersion": 1,
                "owner": "unknown",
                "surveillanceZone": "traffic"
            },
            "type": "Feature"
        },
        {
            "geometry": {
                "coordinates": [
                    -86.9327535,
                    40.4595718
                ],
                "type": "Point"
            },
            "properties": {
                "brand": "Flock Safety",
                "direction": 130,
                "osmId": 13309829417,
                "osmTimestamp": "2025-11-19T02:44:13Z",
                "osmType": "node",
                "osmVersion": 2,
                "owner": "unknown",
                "surveillanceZone": "traffic"
            },
            "type": "Feature"
        },
        {
            "geometry": {
                "coordinates": [
                    -86.7814301,
                    40.3739098
                ],
                "type": "Point"
            },
            "properties": {
                "brand": "Flock Safety",
                "direction": 76,
                "osmId": 13309844401,
                "osmTimestamp": "2025-11-26T00:16:01Z",
                "osmType": "node",
                "osmVersion": 2,
                "owner": "unknown",
                "surveillanceZone": "traffic"
            },
            "type": "Feature"
        },
        {
            "geometry": {
                "coordinates": [
                    -86.7795343,
                    40.3743886
                ],
                "type": "Point"
            },
            "properties": {
                "brand": "Flock Safety",
                "direction": 261,
                "osmId": 13309844501,
                "osmTimestamp": "2025-11-26T00:15:13Z",
                "osmType": "node",
                "osmVersion": 2,
                "owner": "unknown",
                "surveillanceZone": "traffic"
            },
            "type": "Feature"
        },
        {
            "geometry": {
                "coordinates": [
                    -86.886415,
                    40.42012
                ],
                "type": "Point"
            },
            "properties": {
                "brand": "Flock Safety",
                "direction": 0,
                "osmId": 13315604057,
                "osmTimestamp": "2025-11-19T02:39:09Z",
                "osmType": "node",
                "osmVersion": 1,
                "owner": "unknown",
                "surveillanceZone": "station"
            },
            "type": "Feature"
        },
        {
            "geometry": {
                "coordinates": [
                    -86.8572493,
                    40.3673212
                ],
                "type": "Point"
            },
            "properties": {
                "brand": "Flock Safety",
                "direction": 237,
                "osmId": 13326815301,
                "osmTimestamp": "2025-11-23T19:29:10Z",
                "osmType": "node",
                "osmVersion": 1,
                "owner": "unknown",
                "surveillanceZone": "traffic"
            },
            "type": "Feature"
        },
        {
            "geometry": {
                "coordinates": [
                    -86.9381849,
                    40.4241449
                ],
                "type": "Point"
            },
            "properties": {
                "brand": "Flock Safety",
                "direction": 74,
                "osmId": 13326836001,
                "osmTimestamp": "2025-11-23T19:46:40Z",
                "osmType": "node",
                "osmVersion": 1,
                "owner": "unknown",
                "surveillanceZone": "traffic"
            },
            "type": "Feature"
        },
        {
            "geometry": {
                "coordinates": [
                    -86.9473493,
                    40.4405887
                ],
                "type": "Point"
            },
            "properties": {
                "brand": "Flock Safety",
                "direction": 141,
                "osmId": 13326844701,
                "osmTimestamp": "2025-11-23T19:48:40Z",
                "osmType": "node",
                "osmVersion": 1,
                "owner": "unknown",
                "surveillanceZone": "traffic"
            },
            "type": "Feature"
        },
        {
            "geometry": {
                "coordinates": [
                    -86.8429502,
                    40.3910996
                ],
                "type": "Point"
            },
            "properties": {
                "brand": "Flock Safety",
                "direction": 276,
                "osmId": 13326859702,
                "osmTimestamp": "2025-11-23T19:59:45Z",
                "osmType": "node",
                "osmVersion": 1,
                "owner": "unknown",
                "surveillanceZone": "traffic"
            },
            "type": "Feature"
        },
        {
            "geometry": {
                "coordinates": [
                    -86.9102057,
                    40.3892149
                ],
                "type": "Point"
            },
            "properties": {
                "brand": "Flock Safety",
                "direction": 66,
                "osmId": 13326865902,
                "osmTimestamp": "2025-11-23T20:04:55Z",
                "osmType": "node",
                "osmVersion": 1,
                "owner": "unknown",
                "surveillanceZone": "traffic"
            },
            "type": "Feature"
        },
        {
            "geometry": {
                "coordinates": [
                    -86.8568237,
                    40.4503159
                ],
                "type": "Point"
            },
            "properties": {
                "brand": "Flock Safety",
                "direction": 203,
                "osmId": 13326868901,
                "osmTimestamp": "2025-11-23T20:02:37Z",
                "osmType": "node",
                "osmVersion": 1,
                "owner": "unknown",
                "surveillanceZone": "traffic"
            },
            "type": "Feature"
        },
        {
            "geometry": {
                "coordinates": [
                    -86.8764438,
                    40.3962245
                ],
                "type": "Point"
            },
            "properties": {
                "brand": "Flock Safety",
                "direction": 339,
                "osmId": 13326895601,
                "osmTimestamp": "2025-11-23T20:25:09Z",
                "osmType": "node",
                "osmVersion": 1,
                "owner": "unknown",
                "surveillanceZone": "traffic"
            },
            "type": "Feature"
        },
        {
            "geometry": {
                "coordinates": [
                    -86.8868776,
                    40.4198005
                ],
                "type": "Point"
            },
            "properties": {
                "brand": "Flock Safety",
                "direction": 144,
                "osmId": 13326912201,
                "osmTimestamp": "2025-11-23T20:31:04Z",
                "osmType": "node",
                "osmVersion": 1,
                "owner": "unknown",
                "surveillanceZone": "traffic"
            },
            "type": "Feature"
        },
        {
            "geometry": {
                "coordinates": [
                    -86.8384311,
                    40.4003479
                ],
                "type": "Point"
            },
            "properties": {
                "brand": "Flock Safety",
                "direction": 339,
                "osmId": 13326942201,
                "osmTimestamp": "2025-11-23T20:48:09Z",
                "osmType": "node",
                "osmVersion": 1,
                "owner": "unknown",
                "surveillanceZone": "traffic"
            },
            "type": "Feature"
        },
        {
            "geometry": {
                "coordinates": [
                    -86.8422655,
                    40.3820093
                ],
                "type": "Point"
            },
            "properties": {
                "brand": "Flock Safety",
                "direction": 300,
                "osmId": 13326942901,
                "osmTimestamp": "2025-11-23T20:48:34Z",
                "osmType": "node",
                "osmVersion": 1,
                "owner": "unknown",
                "surveillanceZone": "traffic"
            },
            "type": "Feature"
        },
        {
            "geometry": {
                "coordinates": [
                    -86.8805288,
                    40.4184801
                ],
                "type": "Point"
            },
            "properties": {
                "brand": "Flock Safety",
                "direction": 319,
                "osmId": 13326943001,
                "osmTimestamp": "2025-11-23T20:48:44Z",
                "osmType": "node",
                "osmVersion": 1,
                "owner": "unknown",
                "surveillanceZone": "traffic"
            },
            "type": "Feature"
        },
        {
            "geometry": {
                "coordinates": [
                    -86.8436567,
                    40.4174364
                ],
                "type": "Point"
            },
            "properties": {
                "brand": "Flock Safety",
                "direction": 69,
                "osmId": 13326943002,
                "osmTimestamp": "2025-11-23T20:52:25Z",
                "osmType": "node",
                "osmVersion": 1,
                "owner": "unknown",
                "surveillanceZone": "traffic"
            },
            "type": "Feature"
        },
        {
            "geometry": {
                "coordinates": [
                    -86.8178663,
                    40.3624122
                ],
                "type": "Point"
            },
            "properties": {
                "brand": "Flock Safety",
                "direction": 289,
                "osmId": 13326956301,
                "osmTimestamp": "2025-11-23T20:54:28Z",
                "osmType": "node",
                "osmVersion": 1,
                "owner": "unknown",
                "surveillanceZone": "traffic"
            },
            "type": "Feature"
        },
        {
            "geometry": {
                "coordinates": [
                    -86.9456,
                    40.3751624
                ],
                "type": "Point"
            },
            "properties": {
                "brand": "Flock Safety",
                "direction": 36,
                "osmId": 13326979801,
                "osmTimestamp": "2025-11-23T21:09:52Z",
                "osmType": "node",
                "osmVersion": 1,
                "owner": "unknown",
                "surveillanceZone": "traffic"
            },
            "type": "Feature"
        },
        {
            "geometry": {
                "coordinates": [
                    -86.8490571,
                    40.3527634
                ],
                "type": "Point"
            },
            "properties": {
                "brand": "Flock Safety",
                "direction": 115,
                "osmId": 13346720402,
                "osmTimestamp": "2025-12-01T21:25:50Z",
                "osmType": "node",
                "osmVersion": 1,
                "owner": "unknown",
                "surveillanceZone": "residential"
            },
            "type": "Feature"
        },
        {
            "geometry": {
                "coordinates": [
                    -86.8567123,
                    40.3584745
                ],
                "type": "Point"
            },
            "properties": {
                "brand": "Flock Safety",
                "direction": 45,
                "osmId": 13346720403,
                "osmTimestamp": "2025-12-01T21:25:50Z",
                "osmType": "node",
                "osmVersion": 1,
                "owner": "unknown",
                "surveillanceZone": "residential"
            },
            "type": "Feature"
        },
        {
            "geometry": {
                "coordinates": [
                    -86.8546747,
                    40.3524963
                ],
                "type": "Point"
            },
            "properties": {
                "brand": "Flock Safety",
                "direction": 161.5,
                "osmId": 13349329001,
                "osmTimestamp": "2025-12-03T02:57:40Z",
                "osmType": "node",
                "osmVersion": 1,
                "owner": "unknown",
                "surveillanceZone": "traffic"
            },
            "type": "Feature"
        },
        {
            "geometry": {
                "coordinates": [
                    -86.8543939,
                    40.3521549
                ],
                "type": "Point"
            },
            "properties": {
                "brand": "Flock Safety",
                "direction": 336.5,
                "osmId": 13349329201,
                "osmTimestamp": "2025-12-03T02:58:05Z",
                "osmType": "node",
                "osmVersion": 1,
                "owner": "unknown",
                "surveillanceZone": "traffic"
            },
            "type": "Feature"
        },
        {
            "geometry": {
                "coordinates": [
                    -86.8488188,
                    40.3527585
                ],
                "type": "Point"
            },
            "properties": {
                "brand": "Flock Safety",
                "direction": 340,
                "mountType": "pole",
                "osmId": 13527147079,
                "osmTimestamp": "2026-02-05T20:06:38Z",
                "osmType": "node",
                "osmVersion": 1,
                "owner": "unknown",
                "surveillanceZone": "traffic"
            },
            "type": "Feature"
        },
        {
            "geometry": {
                "coordinates": [
                    -86.8490212,
                    40.3525025
                ],
                "type": "Point"
            },
            "properties": {
                "brand": "Flock Safety",
                "direction": 150,
                "mountType": "pole",
                "osmId": 13527147080,
                "osmTimestamp": "2026-02-05T20:06:38Z",
                "osmType": "node",
                "osmVersion": 1,
                "owner": "unknown",
                "surveillanceZone": "traffic"
            },
            "type": "Feature"
        },
        {
            "geometry": {
                "coordinates": [
                    -86.8488525,
                    40.352465
                ],
                "type": "Point"
            },
            "properties": {
                "brand": "Flock Safety",
                "direction": 330,
                "mountType": "pole",
                "osmId": 13527147081,
                "osmTimestamp": "2026-02-05T20:06:38Z",
                "osmType": "node",
                "osmVersion": 1,
                "owner": "unknown",
                "surveillanceZone": "traffic"
            },
            "type": "Feature"
        },
        {
            "geometry": {
                "coordinates": [
                    -86.8514986,
                    40.3529723
                ],
                "type": "Point"
            },
            "properties": {
                "brand": "Flock Safety",
                "direction": 160,
                "mountType": "pole",
                "osmId": 13527147082,
                "osmTimestamp": "2026-02-05T20:06:38Z",
                "osmType": "node",
                "osmVersion": 1,
                "owner": "unknown",
                "surveillanceZone": "traffic"
            },
            "type": "Feature"
        },
        {
            "geometry": {
                "coordinates": [
                    -86.8512933,
                    40.3527569
                ],
                "type": "Point"
            },
            "properties": {
                "brand": "Flock Safety",
                "direction": 330,
                "mountType": "pole",
                "osmId": 13527147083,
                "osmTimestamp": "2026-02-05T20:06:38Z",
                "osmType": "node",
                "osmVersion": 1,
                "owner": "unknown",
                "surveillanceZone": "traffic"
            },
            "type": "Feature"
        },
        {
            "geometry": {
                "coordinates": [
                    -86.856237,
                    40.358656
                ],
                "type": "Point"
            },
            "properties": {
                "brand": "Flock Safety",
                "direction": 250,
                "mountType": "pole",
                "osmId": 13527147084,
                "osmTimestamp": "2026-02-05T20:06:38Z",
                "osmType": "node",
                "osmVersion": 1,
                "owner": "unknown",
                "surveillanceZone": "traffic"
            },
            "type": "Feature"
        },
        {
            "geometry": {
                "coordinates": [
                    -86.8772405,
                    40.4256687
                ],
                "type": "Point"
            },
            "properties": {
                "brand": "Flock Safety",
                "direction": 347,
                "osmId": 13541136805,
                "osmTimestamp": "2026-02-10T15:55:13Z",
                "osmType": "node",
                "osmVersion": 1,
                "owner": "unknown",
                "surveillanceZone": "traffic"
            },
            "type": "Feature"
        },
        {
            "geometry": {
                "coordinates": [
                    -86.9202767,
                    40.4048357
                ],
                "type": "Point"
            },
            "properties": {
                "brand": "Flock Safety",
                "direction": 337,
                "osmId": 13568580501,
                "osmTimestamp": "2026-02-16T01:21:02Z",
                "osmType": "node",
                "osmVersion": 1,
                "owner": "unknown",
                "surveillanceZone": "traffic"
            },
            "type": "Feature"
        },
        {
            "geometry": {
                "coordinates": [
                    -86.9156112,
                    40.4314666
                ],
                "type": "Point"
            },
            "properties": {
                "brand": "Flock Safety",
                "direction": 260,
                "osmId": 13574667701,
                "osmTimestamp": "2026-02-17T22:52:27Z",
                "osmType": "node",
                "osmVersion": 1,
                "owner": "unknown",
                "surveillanceZone": "traffic"
            },
            "type": "Feature"
        },
        {
            "geometry": {
                "coordinates": [
                    -86.8564039,
                    40.4197738
                ],
                "type": "Point"
            },
            "properties": {
                "brand": "Flock Safety",
                "direction": 137,
                "mountType": "pole",
                "operator": "The Home Depot",
                "osmId": 13604214401,
                "osmTimestamp": "2026-02-26T22:45:20Z",
                "osmType": "node",
                "osmVersion": 1,
                "owner": "unknown",
                "surveillanceZone": "traffic"
            },
            "type": "Feature"
        },
        {
            "geometry": {
                "coordinates": [
                    -86.8564501,
                    40.4176814
                ],
                "type": "Point"
            },
            "properties": {
                "brand": "Flock Safety",
                "direction": 340,
                "mountType": "pole",
                "operator": "The Home Depot",
                "osmId": 13604219801,
                "osmTimestamp": "2026-02-26T22:47:25Z",
                "osmType": "node",
                "osmVersion": 1,
                "owner": "unknown",
                "surveillanceZone": "traffic"
            },
            "type": "Feature"
        },
        {
            "geometry": {
                "coordinates": [
                    -86.8788906,
                    40.4175408
                ],
                "type": "Point"
            },
            "properties": {
                "brand": "Flock Safety",
                "direction": 344,
                "mountType": "street pole",
                "osmId": 13605708502,
                "osmTimestamp": "2026-02-27T14:31:10Z",
                "osmType": "node",
                "osmVersion": 1,
                "owner": "unknown",
                "surveillanceZone": "traffic"
            },
            "type": "Feature"
        },
        {
            "geometry": {
                "coordinates": [
                    -86.91445,
                    40.3884422
                ],
                "type": "Point"
            },
            "properties": {
                "brand": "Flock Safety",
                "direction": 151,
                "osmId": 13670402201,
                "osmTimestamp": "2026-03-22T23:45:51Z",
                "osmType": "node",
                "osmVersion": 1,
                "owner": "unknown",
                "surveillanceZone": "traffic"
            },
            "type": "Feature"
        },
        {
            "geometry": {
                "coordinates": [
                    -86.8580394,
                    40.4171193
                ],
                "type": "Point"
            },
            "properties": {
                "brand": "Flock Safety",
                "direction": 186,
                "osmId": 13675725704,
                "osmTimestamp": "2026-03-24T19:30:15Z",
                "osmType": "node",
                "osmVersion": 1,
                "owner": "unknown",
                "surveillanceZone": "traffic"
            },
            "type": "Feature"
        },
        {
            "geometry": {
                "coordinates": [
                    -86.8580394,
                    40.4171193
                ],
                "type": "Point"
            },
            "properties": {
                "brand": "Flock Safety",
                "direction": 186,
                "osmId": 13675862201,
                "osmTimestamp": "2026-03-24T20:07:24Z",
                "osmType": "node",
                "osmVersion": 1,
                "owner": "unknown",
                "surveillanceZone": "traffic"
            },
            "type": "Feature"
        },
        {
            "geometry": {
                "coordinates": [
                    -86.8391896,
                    40.4196572
                ],
                "type": "Point"
            },
            "properties": {
                "brand": "Flock Safety",
                "direction": 273,
                "osmId": 13678052901,
                "osmTimestamp": "2026-03-25T13:20:08Z",
                "osmType": "node",
                "osmVersion": 1,
                "owner": "unknown",
                "surveillanceZone": "traffic"
            },
            "type": "Feature"
        },
        {
            "geometry": {
                "coordinates": [
                    -86.8474173,
                    40.4323171
                ],
                "type": "Point"
            },
            "properties": {
                "brand": "Flock Safety",
                "direction": 347,
                "osmId": 13678218101,
                "osmTimestamp": "2026-03-25T13:22:58Z",
                "osmType": "node",
                "osmVersion": 1,
                "owner": "unknown",
                "surveillanceZone": "traffic"
            },
            "type": "Feature"
        },
        {
            "geometry": {
                "coordinates": [
                    -86.839242,
                    40.4189072
                ],
                "type": "Point"
            },
            "properties": {
                "brand": "Flock Safety",
                "direction": 321,
                "osmId": 13683385401,
                "osmTimestamp": "2026-03-26T20:59:25Z",
                "osmType": "node",
                "osmVersion": 1,
                "owner": "unknown",
                "surveillanceZone": "traffic"
            },
            "type": "Feature"
        },
        {
            "geometry": {
                "coordinates": [
                    -86.8572948,
                    40.4197434
                ],
                "type": "Point"
            },
            "properties": {
                "brand": "Flock Safety",
                "direction": 165,
                "mountType": "pole",
                "operator": "The Home Depot",
                "osmId": 13831120701,
                "osmTimestamp": "2026-05-15T16:12:41Z",
                "osmType": "node",
                "osmVersion": 1,
                "owner": "unknown",
                "surveillanceZone": "traffic"
            },
            "type": "Feature"
        },
        {
            "geometry": {
                "coordinates": [
                    -86.900836,
                    40.4275706
                ],
                "type": "Point"
            },
            "properties": {
                "brand": "Flock Safety",
                "direction": 274,
                "directions": [
                    274,
                    110
                ],
                "osmId": 13956513102,
                "osmTimestamp": "2026-06-22T00:07:45Z",
                "osmType": "node",
                "osmVersion": 1,
                "owner": "unknown",
                "surveillanceZone": "traffic"
            },
            "type": "Feature"
        },
        {
            "geometry": {
                "coordinates": [
                    -86.9007166,
                    40.4281286
                ],
                "type": "Point"
            },
            "properties": {
                "brand": "Flock Safety",
                "direction": 313,
                "directions": [
                    313,
                    102
                ],
                "osmId": 13956535001,
                "osmTimestamp": "2026-06-22T00:06:36Z",
                "osmType": "node",
                "osmVersion": 1,
                "owner": "unknown",
                "surveillanceZone": "traffic"
            },
            "type": "Feature"
        },
        {
            "geometry": {
                "coordinates": [
                    -86.899634,
                    40.4305375
                ],
                "type": "Point"
            },
            "properties": {
                "brand": "Flock Safety",
                "direction": 316,
                "directions": [
                    316,
                    88
                ],
                "osmId": 13956538601,
                "osmTimestamp": "2026-08-29T18:31:45Z",
                "osmType": "node",
                "osmVersion": 2,
                "owner": "unknown",
                "surveillanceZone": "traffic"
            },
            "type": "Feature"
        },
        {
            "geometry": {
                "coordinates": [
                    -86.8409855,
                    40.4178847
                ],
                "type": "Point"
            },
            "properties": {
                "brand": "Flock Safety",
                "direction": 0,
                "osmId": 13959165401,
                "osmTimestamp": "2026-06-23T03:38:05Z",
                "osmType": "node",
                "osmVersion": 1,
                "owner": "unknown",
                "surveillanceZone": "traffic"
            },
            "type": "Feature"
        },
        {
            "geometry": {
                "coordinates": [
                    -86.8865785,
                    40.4144211
                ],
                "type": "Point"
            },
            "properties": {
                "brand": "Flock Safety",
                "direction": 344,
                "osmId": 14057092602,
                "osmTimestamp": "2026-07-28T20:55:20Z",
                "osmType": "node",
                "osmVersion": 1,
                "owner": "unknown",
                "surveillanceZone": "traffic"
            },
            "type": "Feature"
        },
        {
            "geometry": {
                "coordinates": [
                    -86.9304643,
                    40.4180459
                ],
                "type": "Point"
            },
            "properties": {
                "brand": "Flock Safety",
                "direction": 228,
                "osmId": 14057263901,
                "osmTimestamp": "2026-07-28T22:41:12Z",
                "osmType": "node",
                "osmVersion": 1,
                "owner": "unknown",
                "surveillanceZone": "traffic"
            },
            "type": "Feature"
        },
        {
            "geometry": {
                "coordinates": [
                    -86.8868742,
                    40.4209788
                ],
                "type": "Point"
            },
            "properties": {
                "brand": "Flock Safety",
                "direction": 151,
                "osmId": 14061659701,
                "osmTimestamp": "2026-07-30T13:55:44Z",
                "osmType": "node",
                "osmVersion": 1,
                "owner": "unknown",
                "surveillanceZone": "traffic"
            },
            "type": "Feature"
        },
        {
            "geometry": {
                "coordinates": [
                    -86.8990358,
                    40.4320195
                ],
                "type": "Point"
            },
            "properties": {
                "brand": "Flock Safety",
                "direction": 84,
                "osmId": 14097149301,
                "osmTimestamp": "2026-08-29T18:32:15Z",
                "osmType": "node",
                "osmVersion": 3,
                "owner": "unknown",
                "surveillanceZone": "traffic"
            },
            "type": "Feature"
        },
        {
            "geometry": {
                "coordinates": [
                    -86.8821018,
                    40.4246546
                ],
                "type": "Point"
            },
            "properties": {
                "brand": "Flock Safety",
                "direction": 90,
                "osmId": 14104352317,
                "osmTimestamp": "2026-08-19T00:20:58Z",
                "osmType": "node",
                "osmVersion": 1,
                "owner": "unknown",
                "surveillanceZone": "traffic"
            },
            "type": "Feature"
        },
        {
            "geometry": {
                "coordinates": [
                    -86.8317919,
                    40.4251768
                ],
                "type": "Point"
            },
            "properties": {
                "brand": "Flock Safety",
                "direction": 0,
                "osmId": 14108917802,
                "osmTimestamp": "2026-08-21T02:38:03Z",
                "osmType": "node",
                "osmVersion": 1,
                "owner": "unknown",
                "surveillanceZone": "traffic"
            },
            "type": "Feature"
        },
        {
            "geometry": {
                "coordinates": [
                    -86.9042051,
                    40.3672847
                ],
                "type": "Point"
            },
            "properties": {
                "brand": "Flock Safety",
                "direction": 185,
                "osmId": 14125423203,
                "osmTimestamp": "2026-08-26T15:13:40Z",
                "osmType": "node",
                "osmVersion": 1,
                "owner": "unknown",
                "surveillanceZone": "traffic"
            },
            "type": "Feature"
        },
        {
            "geometry": {
                "coordinates": [
                    -86.8984442,
                    40.4319501
                ],
                "type": "Point"
            },
            "properties": {
                "brand": "Flock Safety",
                "direction": 280,
                "osmId": 14133719301,
                "osmTimestamp": "2026-08-29T18:35:22Z",
                "osmType": "node",
                "osmVersion": 1,
                "owner": "unknown",
                "surveillanceZone": "traffic"
            },
            "type": "Feature"
        },
        {
            "geometry": {
                "coordinates": [
                    -86.8357206,
                    40.3882799
                ],
                "type": "Point"
            },
            "properties": {
                "brand": "Flock Safety",
                "direction": 54,
                "osmId": 14141122701,
                "osmTimestamp": "2026-09-01T23:31:46Z",
                "osmType": "node",
                "osmVersion": 1,
                "owner": "unknown",
                "surveillanceZone": "traffic"
            },
            "type": "Feature"
        },
        {
            "geometry": {
                "coordinates": [
                    -86.9304693,
                    40.4180192
                ],
                "type": "Point"
            },
            "properties": {
                "brand": "Flock Safety",
                "direction": 270,
                "osmId": 14155959601,
                "osmTimestamp": "2026-09-05T18:27:20Z",
                "osmType": "node",
                "osmVersion": 1,
                "owner": "unknown",
                "surveillanceZone": "traffic"
            },
            "type": "Feature"
        },
        {
            "geometry": {
                "coordinates": [
                    -86.9100329,
                    40.4014819
                ],
                "type": "Point"
            },
            "properties": {
                "brand": "Flock Safety",
                "direction": 49,
                "osmId": 14183163701,
                "osmTimestamp": "2026-09-15T14:26:34Z",
                "osmType": "node",
                "osmVersion": 1,
                "owner": "unknown",
                "surveillanceZone": "traffic"
            },
            "type": "Feature"
        },
        {
            "geometry": {
                "coordinates": [
                    -86.916408333,
                    40.425213333,
                    158.6
                ],
                "type": "Point"
            },
            "properties": {
                "REMARKS": "Brng",
                "brand": "Axis",
                "osmId": 0,
                "owner": "Purdue University",
                "surveillanceZone": "Public"
            },
            "type": "Feature"
        },
        {
            "geometry": {
                "coordinates": [
                    -86.911044717,
                    40.425315494,
                    156.0
                ],
                "type": "Point"
            },
            "properties": {
                "REMARKS": "PMU - Loading",
                "brand": "Axis",
                "osmId": 1,
                "owner": "Purdue University",
                "surveillanceZone": "Loading"
            },
            "type": "Feature"
        },
        {
            "geometry": {
                "coordinates": [
                    -86.911901347,
                    40.424773129,
                    164.4
                ],
                "type": "Point"
            },
            "properties": {
                "REMARKS": "STEW - Public",
                "brand": "Axis",
                "osmId": 2,
                "owner": "Purdue University",
                "surveillanceZone": "Public"
            },
            "type": "Feature"
        },
        {
            "geometry": {
                "coordinates": [
                    -86.911683753,
                    40.424560775,
                    161.4
                ],
                "type": "Point"
            },
            "properties": {
                "REMARKS": "PMU - Public",
                "brand": "Axis",
                "osmId": 3,
                "owner": "Purdue University",
                "surveillanceZone": "Public"
            },
            "type": "Feature"
        },
        {
            "geometry": {
                "coordinates": [
                    -86.911247224,
                    40.424575834,
                    152.1
                ],
                "type": "Point"
            },
            "properties": {
                "REMARKS": "PMU - Public",
                "brand": "Axis",
                "osmId": 4,
                "owner": "Purdue University",
                "surveillanceZone": "Public"
            },
            "type": "Feature"
        },
        {
            "geometry": {
                "coordinates": [
                    -86.910966933,
                    40.424620245,
                    152.5
                ],
                "type": "Point"
            },
            "properties": {
                "REMARKS": "PMU - Public",
                "brand": "Axis",
                "osmId": 5,
                "owner": "Purdue University",
                "surveillanceZone": "Public"
            },
            "type": "Feature"
        },
        {
            "geometry": {
                "coordinates": [
                    -86.91082444,
                    40.424452557,
                    149.4
                ],
                "type": "Point"
            },
            "properties": {
                "REMARKS": "Lamppost - Public",
                "brand": "Axis",
                "osmId": 6,
                "owner": "Purdue University",
                "surveillanceZone": "Public"
            },
            "type": "Feature"
        },
        {
            "geometry": {
                "coordinates": [
                    -86.910736933,
                    40.424574048,
                    150.5
                ],
                "type": "Point"
            },
            "properties": {
                "REMARKS": "PMU - Public",
                "brand": "Axis",
                "osmId": 7,
                "owner": "Purdue University",
                "surveillanceZone": "Public"
            },
            "type": "Feature"
        },
        {
            "geometry": {
                "coordinates": [
                    -86.910565272,
                    40.424826982,
                    152.2
                ],
                "type": "Point"
            },
            "properties": {
                "REMARKS": "PMU - Public",
                "brand": "Axis",
                "osmId": 8,
                "owner": "Purdue University",
                "surveillanceZone": "Public"
            },
            "type": "Feature"
        },
        {
            "geometry": {
                "coordinates": [
                    -86.910219267,
                    40.425970665,
                    160.9
                ],
                "type": "Point"
            },
            "properties": {
                "REMARKS": "UC - Public",
                "brand": "Axis",
                "osmId": 9,
                "owner": "Purdue University",
                "surveillanceZone": "Public"
            },
            "type": "Feature"
        },
        {
            "geometry": {
                "coordinates": [
                    -86.910183333,
                    40.426366667,
                    161.1
                ],
                "type": "Point"
            },
            "properties": {
                "REMARKS": "UC - Public",
                "brand": "Axis",
                "osmId": 10,
                "owner": "Purdue University",
                "surveillanceZone": "Public"
            },
            "type": "Feature"
        },
        {
            "geometry": {
                "coordinates": [
                    -86.909520887,
                    40.426228188,
                    157.9
                ],
                "type": "Point"
            },
            "properties": {
                "REMARKS": "UC - Parking",
                "brand": "Axis",
                "osmId": 11,
                "owner": "Purdue University",
                "surveillanceZone": "Parking"
            },
            "type": "Feature"
        },
        {
            "geometry": {
                "coordinates": [
                    -86.909624822,
                    40.425692467,
                    149.3
                ],
                "type": "Point"
            },
            "properties": {
                "REMARKS": "Park - Entrance",
                "brand": "Axis",
                "osmId": 12,
                "owner": "Purdue University",
                "surveillanceZone": "Parking"
            },
            "type": "Feature"
        },
        {
            "geometry": {
                "coordinates": [
                    -86.909849793,
                    40.42467614,
                    157.4
                ],
                "type": "Point"
            },
            "properties": {
                "REMARKS": "Park - Gate, Evasion watch",
                "brand": "Unknown",
                "osmId": 13,
                "owner": "Purdue University",
                "surveillanceZone": "Parking"
            },
            "type": "Feature"
        },
        {
            "geometry": {
                "coordinates": [
                    -86.912315413,
                    40.425423456,
                    150.3
                ],
                "type": "Point"
            },
            "properties": {
                "REMARKS": "STEW -  Loading",
                "brand": "Axis",
                "osmId": 14,
                "owner": "Purdue University",
                "surveillanceZone": " Loading"
            },
            "type": "Feature"
        },
        {
            "geometry": {
                "coordinates": [
                    -86.912789494,
                    40.425463271,
                    154.3
                ],
                "type": "Point"
            },
            "properties": {
                "REMARKS": "STEW - Loading",
                "brand": "Axis",
                "osmId": 15,
                "owner": "Purdue University",
                "surveillanceZone": "Loading"
            },
            "type": "Feature"
        },
        {
            "geometry": {
                "coordinates": [
                    -86.91308789,
                    40.42551738,
                    152.4
                ],
                "type": "Point"
            },
            "properties": {
                "REMARKS": "STEW - Public",
                "brand": "Axis",
                "osmId": 16,
                "owner": "Purdue University",
                "surveillanceZone": "Public"
            },
            "type": "Feature"
        },
        {
            "geometry": {
                "coordinates": [
                    -86.913505308,
                    40.425396146,
                    153.6
                ],
                "type": "Point"
            },
            "properties": {
                "REMARKS": "STEW - Public",
                "brand": "Axis",
                "osmId": 17,
                "owner": "Purdue University",
                "surveillanceZone": "Public"
            },
            "type": "Feature"
        },
        {
            "geometry": {
                "coordinates": [
                    -86.913504638,
                    40.42523918,
                    150.2
                ],
                "type": "Point"
            },
            "properties": {
                "REMARKS": "STEW - Public",
                "brand": "Axis",
                "osmId": 18,
                "owner": "Purdue University",
                "surveillanceZone": "Public"
            },
            "type": "Feature"
        },
        {
            "geometry": {
                "coordinates": [
                    -86.912890077,
                    40.42471366,
                    152.2
                ],
                "type": "Point"
            },
            "properties": {
                "REMARKS": "STEW - Public",
                "brand": "Axis",
                "osmId": 19,
                "owner": "Purdue University",
                "surveillanceZone": "Public"
            },
            "type": "Feature"
        },
        {
            "geometry": {
                "coordinates": [
                    -86.912370063,
                    40.4247083,
                    153.9
                ],
                "type": "Point"
            },
            "properties": {
                "REMARKS": "STEW - Public",
                "brand": "Axis",
                "osmId": 20,
                "owner": "Purdue University",
                "surveillanceZone": "Public"
            },
            "type": "Feature"
        },
        {
            "geometry": {
                "coordinates": [
                    -86.911731667,
                    40.424458333,
                    154.6
                ],
                "type": "Point"
            },
            "properties": {
                "REMARKS": "Lamppost - Public",
                "brand": "Axis",
                "osmId": 21,
                "owner": "Purdue University",
                "surveillanceZone": "Public"
            },
            "type": "Feature"
        },
        {
            "geometry": {
                "coordinates": [
                    -86.912571,
                    40.429503,
                    0.0
                ],
                "type": "Point"
            },
            "properties": {
                "REMARKS": "MSEE - Public",
                "brand": "Axis",
                "osmId": 22,
                "owner": "Purdue University",
                "surveillanceZone": "Public"
            },
            "type": "Feature"
        },
        {
            "geometry": {
                "coordinates": [
                    -86.912372,
                    40.429332,
                    0.0
                ],
                "type": "Point"
            },
            "properties": {
                "REMARKS": "MSEE - Public",
                "brand": "Axis",
                "osmId": 23,
                "owner": "Purdue University",
                "surveillanceZone": "Public"
            },
            "type": "Feature"
        },
        {
            "geometry": {
                "coordinates": [
                    -86.916408333,
                    40.425213333,
                    0.0
                ],
                "type": "Point"
            },
            "properties": {
                "REMARKS": "",
                "brand": "Axis",
                "osmId": 24,
                "owner": "Purdue University",
                "surveillanceZone": "Public"
            },
            "type": "Feature"
        },
        {
            "geometry": {
                "coordinates": [
                    -86.911895,
                    40.429028,
                    0.0
                ],
                "type": "Point"
            },
            "properties": {
                "REMARKS": "BHEE - Public",
                "brand": "Axis",
                "osmId": 25,
                "owner": "Purdue University",
                "surveillanceZone": "Public"
            },
            "type": "Feature"
        },
        {
            "geometry": {
                "coordinates": [
                    -86.91157,
                    40.428592,
                    0.0
                ],
                "type": "Point"
            },
            "properties": {
                "REMARKS": "BHEE - Public",
                "brand": "Axis",
                "osmId": 26,
                "owner": "Purdue University",
                "surveillanceZone": "Public"
            },
            "type": "Feature"
        },
        {
            "geometry": {
                "coordinates": [
                    -86.911945,
                    40.428266,
                    0.0
                ],
                "type": "Point"
            },
            "properties": {
                "REMARKS": "BHEE - Loading",
                "brand": "Axis",
                "osmId": 27,
                "owner": "Purdue University",
                "surveillanceZone": "Loading"
            },
            "type": "Feature"
        },
        {
            "geometry": {
                "coordinates": [
                    -86.912288,
                    40.42851,
                    0.0
                ],
                "type": "Point"
            },
            "properties": {
                "REMARKS": "BHEE - Public",
                "brand": "Axis",
                "osmId": 28,
                "owner": "Purdue University",
                "surveillanceZone": "Public"
            },
            "type": "Feature"
        },
        {
            "geometry": {
                "coordinates": [
                    -86.912395,
                    40.428885,
                    0.0
                ],
                "type": "Point"
            },
            "properties": {
                "REMARKS": "BHEE - Public",
                "brand": "Axis",
                "osmId": 29,
                "owner": "Purdue University",
                "surveillanceZone": "Public"
            },
            "type": "Feature"
        },
        {
            "geometry": {
                "coordinates": [
                    -86.912697,
                    40.428746,
                    0.0
                ],
                "type": "Point"
            },
            "properties": {
                "REMARKS": "",
                "brand": "Axis",
                "osmId": 30,
                "owner": "Purdue University",
                "surveillanceZone": "Public"
            },
            "type": "Feature"
        },
        {
            "geometry": {
                "coordinates": [
                    -86.912834,
                    40.428629,
                    0.0
                ],
                "type": "Point"
            },
            "properties": {
                "REMARKS": "",
                "brand": "Axis",
                "osmId": 31,
                "owner": "Purdue University",
                "surveillanceZone": "Public"
            },
            "type": "Feature"
        },
        {
            "geometry": {
                "coordinates": [
                    -86.913309,
                    40.428331,
                    0.0
                ],
                "type": "Point"
            },
            "properties": {
                "REMARKS": "",
                "brand": "Axis",
                "osmId": 32,
                "owner": "Purdue University",
                "surveillanceZone": "Public"
            },
            "type": "Feature"
        },
        {
            "geometry": {
                "coordinates": [
                    -86.912407,
                    40.428459,
                    0.0
                ],
                "type": "Point"
            },
            "properties": {
                "REMARKS": "",
                "brand": "Axis",
                "osmId": 33,
                "owner": "Purdue University",
                "surveillanceZone": "Public"
            },
            "type": "Feature"
        },
        {
            "geometry": {
                "coordinates": [
                    -86.911964,
                    40.428025,
                    0.0
                ],
                "type": "Point"
            },
            "properties": {
                "REMARKS": "Emergency",
                "brand": "Axis",
                "osmId": 34,
                "owner": "Purdue University",
                "surveillanceZone": "Emergency"
            },
            "type": "Feature"
        },
        {
            "geometry": {
                "coordinates": [
                    -86.91149,
                    40.427984,
                    0.0
                ],
                "type": "Point"
            },
            "properties": {
                "REMARKS": "",
                "brand": "Axis",
                "osmId": 35,
                "owner": "Purdue University",
                "surveillanceZone": "Public"
            },
            "type": "Feature"
        },
        {
            "geometry": {
                "coordinates": [
                    -86.911488,
                    40.427563,
                    0.0
                ],
                "type": "Point"
            },
            "properties": {
                "REMARKS": "",
                "brand": "Axis",
                "osmId": 36,
                "owner": "Purdue University",
                "surveillanceZone": "Public"
            },
            "type": "Feature"
        },
        {
            "geometry": {
                "coordinates": [
                    -86.911491,
                    40.427329,
                    0
                ],
                "type": "Point"
            },
            "properties": {
                "REMARKS": "",
                "brand": "Axis",
                "osmId": 37,
                "owner": "Purdue University",
                "surveillanceZone": "Loading"
            },
            "type": "Feature"
        },
        {
            "geometry": {
                "coordinates": [
                    -86.911211,
                    40.427301,
                    0.0
                ],
                "type": "Point"
            },
            "properties": {
                "REMARKS": "",
                "brand": "Axis",
                "osmId": 38,
                "owner": "Purdue University",
                "surveillanceZone": "Public"
            },
            "type": "Feature"
        },
        {
            "geometry": {
                "coordinates": [
                    -86.910675,
                    40.427309,
                    0.0
                ],
                "type": "Point"
            },
            "properties": {
                "REMARKS": "",
                "brand": "Axis",
                "osmId": 39,
                "owner": "Purdue University",
                "surveillanceZone": "Public"
            },
            "type": "Feature"
        },
        {
            "geometry": {
                "coordinates": [
                    -86.911951,
                    40.42812,
                    0.0
                ],
                "type": "Point"
            },
            "properties": {
                "REMARKS": "Emergency",
                "brand": "Axis",
                "osmId": 40,
                "owner": "Purdue University",
                "surveillanceZone": "Emergency"
            },
            "type": "Feature"
        },
        {
            "geometry": {
                "coordinates": [
                    -86.911957,
                    40.427423,
                    0.0
                ],
                "type": "Point"
            },
            "properties": {
                "REMARKS": "",
                "brand": "Axis",
                "osmId": 41,
                "owner": "Purdue University",
                "surveillanceZone": "Public"
            },
            "type": "Feature"
        },
        {
            "geometry": {
                "coordinates": [
                    -86.911957,
                    40.426954,
                    0.0
                ],
                "type": "Point"
            },
            "properties": {
                "REMARKS": "",
                "brand": "Axis",
                "osmId": 42,
                "owner": "Purdue University",
                "surveillanceZone": "Public"
            },
            "type": "Feature"
        },
        {
            "geometry": {
                "coordinates": [
                    -86.911428,
                    40.426932,
                    0.0
                ],
                "type": "Point"
            },
            "properties": {
                "REMARKS": "",
                "brand": "Axis",
                "osmId": 43,
                "owner": "Purdue University",
                "surveillanceZone": "Public"
            },
            "type": "Feature"
        },
        {
            "geometry": {
                "coordinates": [
                    -86.910667,
                    40.427091,
                    0.0
                ],
                "type": "Point"
            },
            "properties": {
                "REMARKS": "",
                "brand": "Axis",
                "osmId": 44,
                "owner": "Purdue University",
                "surveillanceZone": "Public"
            },
            "type": "Feature"
        },
        {
            "geometry": {
                "coordinates": [
                    -86.9111,
                    40.42616,
                    0.0
                ],
                "type": "Point"
            },
            "properties": {
                "REMARKS": "",
                "brand": "Axis",
                "osmId": 45,
                "owner": "Purdue University",
                "surveillanceZone": "Public"
            },
            "type": "Feature"
        },
        {
            "geometry": {
                "coordinates": [
                    -86.910675,
                    40.426767,
                    0.0
                ],
                "type": "Point"
            },
            "properties": {
                "REMARKS": "",
                "brand": "Axis",
                "osmId": 46,
                "owner": "Purdue University",
                "surveillanceZone": "Public"
            },
            "type": "Feature"
        },
        {
            "geometry": {
                "coordinates": [
                    -86.911293,
                    40.426303,
                    0.0
                ],
                "type": "Point"
            },
            "properties": {
                "REMARKS": "",
                "brand": "Axis",
                "osmId": 47,
                "owner": "Purdue University",
                "surveillanceZone": "Public"
            },
            "type": "Feature"
        },
        {
            "geometry": {
                "coordinates": [
                    -86.910916,
                    40.426548,
                    0.0
                ],
                "type": "Point"
            },
            "properties": {
                "REMARKS": "",
                "brand": "Axis",
                "osmId": 48,
                "owner": "Purdue University",
                "surveillanceZone": "Public"
            },
            "type": "Feature"
        },
        {
            "geometry": {
                "coordinates": [
                    -86.911396,
                    40.42646,
                    0.0
                ],
                "type": "Point"
            },
            "properties": {
                "REMARKS": "",
                "brand": "Axis",
                "osmId": 49,
                "owner": "Purdue University",
                "surveillanceZone": "Public"
            },
            "type": "Feature"
        },
        {
            "geometry": {
                "coordinates": [
                    -86.911815,
                    40.426777,
                    0.0
                ],
                "type": "Point"
            },
            "properties": {
                "REMARKS": "",
                "brand": "Axis",
                "osmId": 50,
                "owner": "Purdue University",
                "surveillanceZone": "Public"
            },
            "type": "Feature"
        },
        {
            "geometry": {
                "coordinates": [
                    -86.912617,
                    40.426254,
                    0.0
                ],
                "type": "Point"
            },
            "properties": {
                "REMARKS": "",
                "brand": "Axis",
                "osmId": 51,
                "owner": "Purdue University",
                "surveillanceZone": "Public"
            },
            "type": "Feature"
        },
        {
            "geometry": {
                "coordinates": [
                    -86.913554,
                    40.426747,
                    0.0
                ],
                "type": "Point"
            },
            "properties": {
                "REMARKS": "",
                "brand": "Axis",
                "osmId": 52,
                "owner": "Purdue University",
                "surveillanceZone": "Public"
            },
            "type": "Feature"
        },
        {
            "geometry": {
                "coordinates": [
                    -86.913539,
                    40.426768,
                    0.0
                ],
                "type": "Point"
            },
            "properties": {
                "REMARKS": "",
                "brand": "Axis",
                "osmId": 53,
                "owner": "Purdue University",
                "surveillanceZone": "Public"
            },
            "type": "Feature"
        },
        {
            "geometry": {
                "coordinates": [
                    -86.912879,
                    40.427059,
                    0.0
                ],
                "type": "Point"
            },
            "properties": {
                "REMARKS": "",
                "brand": "Axis",
                "osmId": 54,
                "owner": "Purdue University",
                "surveillanceZone": "Public"
            },
            "type": "Feature"
        },
        {
            "geometry": {
                "coordinates": [
                    -86.912879,
                    40.427124,
                    0.0
                ],
                "type": "Point"
            },
            "properties": {
                "REMARKS": "",
                "brand": "Axis",
                "osmId": 55,
                "owner": "Purdue University",
                "surveillanceZone": "Public"
            },
            "type": "Feature"
        },
        {
            "geometry": {
                "coordinates": [
                    -86.9129,
                    40.427773,
                    0.0
                ],
                "type": "Point"
            },
            "properties": {
                "REMARKS": "",
                "brand": "Axis",
                "osmId": 56,
                "owner": "Purdue University",
                "surveillanceZone": "Public"
            },
            "type": "Feature"
        },
        {
            "geometry": {
                "coordinates": [
                    -86.9129,
                    40.427814,
                    0.0
                ],
                "type": "Point"
            },
            "properties": {
                "REMARKS": "",
                "brand": "Axis",
                "osmId": 57,
                "owner": "Purdue University",
                "surveillanceZone": "Public"
            },
            "type": "Feature"
        },
        {
            "geometry": {
                "coordinates": [
                    -86.913573,
                    40.427778,
                    0.0
                ],
                "type": "Point"
            },
            "properties": {
                "REMARKS": "",
                "brand": "Axis",
                "osmId": 58,
                "owner": "Purdue University",
                "surveillanceZone": "Public"
            },
            "type": "Feature"
        },
        {
            "geometry": {
                "coordinates": [
                    -86.913568,
                    40.427043,
                    0.0
                ],
                "type": "Point"
            },
            "properties": {
                "REMARKS": "",
                "brand": "Axis",
                "osmId": 59,
                "owner": "Purdue University",
                "surveillanceZone": "Public"
            },
            "type": "Feature"
        },
        {
            "geometry": {
                "coordinates": [
                    -86.91368,
                    40.427069,
                    0.0
                ],
                "type": "Point"
            },
            "properties": {
                "REMARKS": "FROST",
                "brand": "Frost Solutions",
                "osmId": 60,
                "owner": "Purdue University",
                "surveillanceZone": "Weather"
            },
            "type": "Feature"
        },
        {
            "geometry": {
                "coordinates": [
                    -86.913204,
                    40.427032,
                    0.0
                ],
                "type": "Point"
            },
            "properties": {
                "REMARKS": "",
                "brand": "Axis",
                "osmId": 61,
                "owner": "Purdue University",
                "surveillanceZone": "Public"
            },
            "type": "Feature"
        },
        {
            "geometry": {
                "coordinates": [
                    -86.913489215,
                    40.42970096,
                    223.3
                ],
                "type": "Point"
            },
            "properties": {
                "REMARKS": "PHYS - Public",
                "brand": "Axis",
                "osmId": 62,
                "owner": "Purdue University",
                "surveillanceZone": "Public"
            },
            "type": "Feature"
        },
        {
            "geometry": {
                "coordinates": [
                    -86.913595162,
                    40.42959862,
                    152.8
                ],
                "type": "Point"
            },
            "properties": {
                "REMARKS": "FRNY - Public",
                "brand": "Axis",
                "osmId": 63,
                "owner": "Purdue University",
                "surveillanceZone": "Public"
            },
            "type": "Feature"
        },
        {
            "geometry": {
                "coordinates": [
                    -86.914116667,
                    40.429075,
                    151.4
                ],
                "type": "Point"
            },
            "properties": {
                "REMARKS": "Lamppost",
                "brand": "Axis",
                "osmId": 64,
                "owner": "Purdue University",
                "surveillanceZone": "Public"
            },
            "type": "Feature"
        },
        {
            "geometry": {
                "coordinates": [
                    -86.914078333,
                    40.428975,
                    151.6
                ],
                "type": "Point"
            },
            "properties": {
                "REMARKS": "Emergency",
                "brand": "Axis",
                "osmId": 65,
                "owner": "Purdue University",
                "surveillanceZone": "Emergency"
            },
            "type": "Feature"
        },
        {
            "geometry": {
                "coordinates": [
                    -86.914683333,
                    40.429586667,
                    152.6
                ],
                "type": "Point"
            },
            "properties": {
                "REMARKS": "Lamppost",
                "brand": "Axis",
                "osmId": 66,
                "owner": "Purdue University",
                "surveillanceZone": "Public"
            },
            "type": "Feature"
        },
        {
            "geometry": {
                "coordinates": [
                    -86.915305741,
                    40.430337203,
                    149.7
                ],
                "type": "Point"
            },
            "properties": {
                "REMARKS": "HAMP - Public",
                "brand": "Axis",
                "osmId": 67,
                "owner": "Purdue University",
                "surveillanceZone": "Public"
            },
            "type": "Feature"
        },
        {
            "geometry": {
                "coordinates": [
                    -86.914373338,
                    40.430703174,
                    148.8
                ],
                "type": "Point"
            },
            "properties": {
                "REMARKS": "ARMS - Public",
                "brand": "Axis",
                "osmId": 68,
                "owner": "Purdue University",
                "surveillanceZone": "Public"
            },
            "type": "Feature"
        },
        {
            "geometry": {
                "coordinates": [
                    -86.914113499,
                    40.430877737,
                    149.8
                ],
                "type": "Point"
            },
            "properties": {
                "REMARKS": "ARMS - Public",
                "brand": "Axis",
                "osmId": 69,
                "owner": "Purdue University",
                "surveillanceZone": "Public"
            },
            "type": "Feature"
        },
        {
            "geometry": {
                "coordinates": [
                    -86.914425977,
                    40.431168674,
                    146.7
                ],
                "type": "Point"
            },
            "properties": {
                "REMARKS": "ARMS - Public",
                "brand": "Axis",
                "osmId": 70,
                "owner": "Purdue University",
                "surveillanceZone": "Public"
            },
            "type": "Feature"
        },
        {
            "geometry": {
                "coordinates": [
                    -86.915858611,
                    40.431011211,
                    156.1
                ],
                "type": "Point"
            },
            "properties": {
                "REMARKS": "ARMS - Public",
                "brand": "Axis",
                "osmId": 71,
                "owner": "Purdue University",
                "surveillanceZone": "Public"
            },
            "type": "Feature"
        },
        {
            "geometry": {
                "coordinates": [
                    -86.916185506,
                    40.431020654,
                    153.9
                ],
                "type": "Point"
            },
            "properties": {
                "REMARKS": "Lamppost",
                "brand": "Axis",
                "osmId": 72,
                "owner": "Purdue University",
                "surveillanceZone": "Public"
            },
            "type": "Feature"
        },
        {
            "geometry": {
                "coordinates": [
                    -86.915826425,
                    40.430817253,
                    150.1
                ],
                "type": "Point"
            },
            "properties": {
                "REMARKS": "ARMS - Public",
                "brand": "Axis",
                "osmId": 73,
                "owner": "Purdue University",
                "surveillanceZone": "Public"
            },
            "type": "Feature"
        },
        {
            "geometry": {
                "coordinates": [
                    -86.915998757,
                    40.430229249,
                    162.3
                ],
                "type": "Point"
            },
            "properties": {
                "REMARKS": "PUSH - Back Entrance",
                "brand": "Axis",
                "osmId": 74,
                "owner": "Purdue University",
                "surveillanceZone": "Public"
            },
            "type": "Feature"
        },
        {
            "geometry": {
                "coordinates": [
                    -86.916382648,
                    40.430593945,
                    152.9
                ],
                "type": "Point"
            },
            "properties": {
                "REMARKS": "PUSH - Public",
                "brand": "Axis",
                "osmId": 75,
                "owner": "Purdue University",
                "surveillanceZone": "Public"
            },
            "type": "Feature"
        },
        {
            "geometry": {
                "coordinates": [
                    -86.915591061,
                    40.42988063,
                    167.0
                ],
                "type": "Point"
            },
            "properties": {
                "REMARKS": "PHARM - Public",
                "brand": "Axis",
                "osmId": 76,
                "owner": "Purdue University",
                "surveillanceZone": "Public"
            },
            "type": "Feature"
        },
        {
            "geometry": {
                "coordinates": [
                    -86.916233785,
                    40.429473055,
                    151.7
                ],
                "type": "Point"
            },
            "properties": {
                "REMARKS": "PHARM - Public",
                "brand": "Axis",
                "osmId": 77,
                "owner": "Purdue University",
                "surveillanceZone": "Public"
            },
            "type": "Feature"
        },
        {
            "geometry": {
                "coordinates": [
                    -86.916383319,
                    40.429778545,
                    156.9
                ],
                "type": "Point"
            },
            "properties": {
                "REMARKS": "PHARM - Public",
                "brand": "Axis",
                "osmId": 78,
                "owner": "Purdue University",
                "surveillanceZone": "Public"
            },
            "type": "Feature"
        },
        {
            "geometry": {
                "coordinates": [
                    -86.915084124,
                    40.428665809,
                    158.1
                ],
                "type": "Point"
            },
            "properties": {
                "REMARKS": "Lamppost",
                "brand": "Axis",
                "osmId": 79,
                "owner": "Purdue University",
                "surveillanceZone": "Public"
            },
            "type": "Feature"
        },
        {
            "geometry": {
                "coordinates": [
                    -86.914955378,
                    40.428541008,
                    163.4
                ],
                "type": "Point"
            },
            "properties": {
                "REMARKS": "Lamppost",
                "brand": "Axis",
                "osmId": 80,
                "owner": "Purdue University",
                "surveillanceZone": "Public"
            },
            "type": "Feature"
        },
        {
            "geometry": {
                "coordinates": [
                    -86.914586239,
                    40.428711237,
                    156.5
                ],
                "type": "Point"
            },
            "properties": {
                "REMARKS": "Lamppost",
                "brand": "Axis",
                "osmId": 81,
                "owner": "Purdue University",
                "surveillanceZone": "Public"
            },
            "type": "Feature"
        },
        {
            "geometry": {
                "coordinates": [
                    -86.914765611,
                    40.429344937,
                    158.2
                ],
                "type": "Point"
            },
            "properties": {
                "REMARKS": "Emergency",
                "brand": "Axis",
                "osmId": 82,
                "owner": "Purdue University",
                "surveillanceZone": "Emergency"
            },
            "type": "Feature"
        },
        {
            "geometry": {
                "coordinates": [
                    -86.915345304,
                    40.428793417,
                    156.8
                ],
                "type": "Point"
            },
            "properties": {
                "REMARKS": "CHAS - Public",
                "brand": "Axis",
                "osmId": 83,
                "owner": "Purdue University",
                "surveillanceZone": "Public"
            },
            "type": "Feature"
        },
        {
            "geometry": {
                "coordinates": [
                    -86.915101667,
                    40.428443333,
                    157.5
                ],
                "type": "Point"
            },
            "properties": {
                "REMARKS": "CHAS - Public",
                "brand": "Axis",
                "osmId": 84,
                "owner": "Purdue University",
                "surveillanceZone": "Public"
            },
            "type": "Feature"
        },
        {
            "geometry": {
                "coordinates": [
                    -86.915223333,
                    40.428361667,
                    155.5
                ],
                "type": "Point"
            },
            "properties": {
                "REMARKS": "CHAS - Public",
                "brand": "Axis",
                "osmId": 85,
                "owner": "Purdue University",
                "surveillanceZone": "Public"
            },
            "type": "Feature"
        },
        {
            "geometry": {
                "coordinates": [
                    -86.915422082,
                    40.428551472,
                    157.9
                ],
                "type": "Point"
            },
            "properties": {
                "REMARKS": "CHAS - Loading",
                "brand": "Axis",
                "osmId": 86,
                "owner": "Purdue University",
                "surveillanceZone": "Loading"
            },
            "type": "Feature"
        },
        {
            "geometry": {
                "coordinates": [
                    -86.915746667,
                    40.428346667,
                    156.1
                ],
                "type": "Point"
            },
            "properties": {
                "REMARKS": "CHAS - Public\n",
                "brand": "Axis",
                "osmId": 87,
                "owner": "Purdue University",
                "surveillanceZone": "Public\n"
            },
            "type": "Feature"
        },
        {
            "geometry": {
                "coordinates": [
                    -86.915812008,
                    40.428443004,
                    158.5
                ],
                "type": "Point"
            },
            "properties": {
                "REMARKS": "CHAS - Public",
                "brand": "Axis",
                "osmId": 88,
                "owner": "Purdue University",
                "surveillanceZone": "Public"
            },
            "type": "Feature"
        },
        {
            "geometry": {
                "coordinates": [
                    -86.915895,
                    40.428646667,
                    155.3
                ],
                "type": "Point"
            },
            "properties": {
                "REMARKS": "CHAS - Public",
                "brand": "Axis",
                "osmId": 89,
                "owner": "Purdue University",
                "surveillanceZone": "Public"
            },
            "type": "Feature"
        },
        {
            "geometry": {
                "coordinates": [
                    -86.915489808,
                    40.428900608,
                    158.7
                ],
                "type": "Point"
            },
            "properties": {
                "REMARKS": "Chas - Public",
                "brand": "Axis",
                "osmId": 90,
                "owner": "Purdue University",
                "surveillanceZone": "Public"
            },
            "type": "Feature"
        },
        {
            "geometry": {
                "coordinates": [
                    -86.914280467,
                    40.427937671,
                    149.6
                ],
                "type": "Point"
            },
            "properties": {
                "REMARKS": "HOVD - Public",
                "brand": "Axis",
                "osmId": 91,
                "owner": "Purdue University",
                "surveillanceZone": "Public"
            },
            "type": "Feature"
        },
        {
            "geometry": {
                "coordinates": [
                    -86.914790086,
                    40.428421055,
                    155.0
                ],
                "type": "Point"
            },
            "properties": {
                "REMARKS": "HOVD - Public",
                "brand": "Axis",
                "osmId": 92,
                "owner": "Purdue University",
                "surveillanceZone": "Public"
            },
            "type": "Feature"
        },
        {
            "geometry": {
                "coordinates": [
                    -86.914790757,
                    40.428450405,
                    152.1
                ],
                "type": "Point"
            },
            "properties": {
                "REMARKS": "HOVD - Public",
                "brand": "Axis",
                "osmId": 93,
                "owner": "Purdue University",
                "surveillanceZone": "Public"
            },
            "type": "Feature"
        },
        {
            "geometry": {
                "coordinates": [
                    -86.9139871,
                    40.428234746,
                    148.5
                ],
                "type": "Point"
            },
            "properties": {
                "REMARKS": "Lamppost",
                "brand": "Axis",
                "osmId": 94,
                "owner": "Purdue University",
                "surveillanceZone": "Public"
            },
            "type": "Feature"
        },
        {
            "geometry": {
                "coordinates": [
                    -86.91538386,
                    40.42751375,
                    145.0
                ],
                "type": "Point"
            },
            "properties": {
                "REMARKS": "ELLT - Public",
                "brand": "Axis",
                "osmId": 95,
                "owner": "Purdue University",
                "surveillanceZone": "Public"
            },
            "type": "Feature"
        },
        {
            "geometry": {
                "coordinates": [
                    -86.915528029,
                    40.427601546,
                    151.0
                ],
                "type": "Point"
            },
            "properties": {
                "REMARKS": "ELLT - Public",
                "brand": "Axis",
                "osmId": 96,
                "owner": "Purdue University",
                "surveillanceZone": "Public"
            },
            "type": "Feature"
        },
        {
            "geometry": {
                "coordinates": [
                    -86.916157678,
                    40.428438155,
                    170.9
                ],
                "type": "Point"
            },
            "properties": {
                "REMARKS": "AR - Public",
                "brand": "Axis",
                "osmId": 97,
                "owner": "Purdue University",
                "surveillanceZone": "Public"
            },
            "type": "Feature"
        },
        {
            "geometry": {
                "coordinates": [
                    -86.916396059,
                    40.428444535,
                    166.6
                ],
                "type": "Point"
            },
            "properties": {
                "REMARKS": "AR - Public",
                "brand": "Axis",
                "osmId": 98,
                "owner": "Purdue University",
                "surveillanceZone": "Public"
            },
            "type": "Feature"
        },
        {
            "geometry": {
                "coordinates": [
                    -86.916601667,
                    40.428385,
                    158.6
                ],
                "type": "Point"
            },
            "properties": {
                "REMARKS": "AR - Public",
                "brand": "Axis",
                "osmId": 99,
                "owner": "Purdue University",
                "surveillanceZone": "Public"
            },
            "type": "Feature"
        },
        {
            "geometry": {
                "coordinates": [
                    -86.916796044,
                    40.42717456,
                    156.3
                ],
                "type": "Point"
            },
            "properties": {
                "REMARKS": "Emergency",
                "brand": "Axis",
                "osmId": 100,
                "owner": "Purdue University",
                "surveillanceZone": "Emergency"
            },
            "type": "Feature"
        },
        {
            "geometry": {
                "coordinates": [
                    -86.917761639,
                    40.427076044,
                    154.8
                ],
                "type": "Point"
            },
            "properties": {
                "REMARKS": "PGU - Public",
                "brand": "Axis",
                "osmId": 101,
                "owner": "Purdue University",
                "surveillanceZone": "Parking"
            },
            "type": "Feature"
        },
        {
            "geometry": {
                "coordinates": [
                    -86.917771697,
                    40.426917551,
                    152.2
                ],
                "type": "Point"
            },
            "properties": {
                "REMARKS": "PGU - Public",
                "brand": "Axis",
                "osmId": 102,
                "owner": "Purdue University",
                "surveillanceZone": "Parking"
            },
            "type": "Feature"
        },
        {
            "geometry": {
                "coordinates": [
                    -86.91731371,
                    40.426323132,
                    153.5
                ],
                "type": "Point"
            },
            "properties": {
                "REMARKS": "PGU - Public",
                "brand": "Axis",
                "osmId": 103,
                "owner": "Purdue University",
                "surveillanceZone": "Parking"
            },
            "type": "Feature"
        },
        {
            "geometry": {
                "coordinates": [
                    -86.917199381,
                    40.426325429,
                    153.9
                ],
                "type": "Point"
            },
            "properties": {
                "REMARKS": "PGU - Public",
                "brand": "Axis",
                "osmId": 104,
                "owner": "Purdue University",
                "surveillanceZone": "Parking"
            },
            "type": "Feature"
        },
        {
            "geometry": {
                "coordinates": [
                    -86.917351667,
                    40.42631,
                    153.9
                ],
                "type": "Point"
            },
            "properties": {
                "REMARKS": "",
                "brand": "Axis",
                "osmId": 105,
                "owner": "Purdue University",
                "surveillanceZone": "Parking"
            },
            "type": "Feature"
        },
        {
            "geometry": {
                "coordinates": [
                    -86.916793026,
                    40.427084722,
                    155.8
                ],
                "type": "Point"
            },
            "properties": {
                "REMARKS": "PGU - Public",
                "brand": "Axis",
                "osmId": 106,
                "owner": "Purdue University",
                "surveillanceZone": "Parking"
            },
            "type": "Feature"
        },
        {
            "geometry": {
                "coordinates": [
                    -86.916491278,
                    40.426590864,
                    157.9
                ],
                "type": "Point"
            },
            "properties": {
                "REMARKS": "HAAS - Public",
                "brand": "Axis",
                "osmId": 107,
                "owner": "Purdue University",
                "surveillanceZone": "Public"
            },
            "type": "Feature"
        },
        {
            "geometry": {
                "coordinates": [
                    -86.91654861,
                    40.427016577,
                    154.6
                ],
                "type": "Point"
            },
            "properties": {
                "REMARKS": "HAAS - Public",
                "brand": "Axis",
                "osmId": 108,
                "owner": "Purdue University",
                "surveillanceZone": "Public"
            },
            "type": "Feature"
        },
        {
            "geometry": {
                "coordinates": [
                    -86.915284954,
                    40.427158992,
                    158.9
                ],
                "type": "Point"
            },
            "properties": {
                "REMARKS": "PSYC - Public",
                "brand": "Axis",
                "osmId": 109,
                "owner": "Purdue University",
                "surveillanceZone": "Public"
            },
            "type": "Feature"
        },
        {
            "geometry": {
                "coordinates": [
                    -86.914711667,
                    40.427211667,
                    153.1
                ],
                "type": "Point"
            },
            "properties": {
                "REMARKS": "PSYC - Public",
                "brand": "Axis",
                "osmId": 110,
                "owner": "Purdue University",
                "surveillanceZone": "Public"
            },
            "type": "Feature"
        },
        {
            "geometry": {
                "coordinates": [
                    -86.914597303,
                    40.426931588,
                    162.3
                ],
                "type": "Point"
            },
            "properties": {
                "REMARKS": "PHYC - Public",
                "brand": "Axis",
                "osmId": 111,
                "owner": "Purdue University",
                "surveillanceZone": "Public"
            },
            "type": "Feature"
        },
        {
            "geometry": {
                "coordinates": [
                    -86.914820932,
                    40.426930567,
                    160.0
                ],
                "type": "Point"
            },
            "properties": {
                "REMARKS": "PHYC - Public",
                "brand": "Axis",
                "osmId": 112,
                "owner": "Purdue University",
                "surveillanceZone": "Public"
            },
            "type": "Feature"
        },
        {
            "geometry": {
                "coordinates": [
                    -86.914523542,
                    40.426804231,
                    157.4
                ],
                "type": "Point"
            },
            "properties": {
                "REMARKS": "SC - Public",
                "brand": "Axis",
                "osmId": 113,
                "owner": "Purdue University",
                "surveillanceZone": "Public"
            },
            "type": "Feature"
        },
        {
            "geometry": {
                "coordinates": [
                    -86.915331893,
                    40.426399445,
                    159.1
                ],
                "type": "Point"
            },
            "properties": {
                "REMARKS": "CL50 - Public",
                "brand": "Axis",
                "osmId": 114,
                "owner": "Purdue University",
                "surveillanceZone": "Public"
            },
            "type": "Feature"
        },
        {
            "geometry": {
                "coordinates": [
                    -86.915896162,
                    40.426182248,
                    155.3
                ],
                "type": "Point"
            },
            "properties": {
                "REMARKS": "MATH - Public",
                "brand": "Axis",
                "osmId": 115,
                "owner": "Purdue University",
                "surveillanceZone": "Public"
            },
            "type": "Feature"
        },
        {
            "geometry": {
                "coordinates": [
                    -86.914078966,
                    40.426287656,
                    154.2
                ],
                "type": "Point"
            },
            "properties": {
                "REMARKS": "SC - Public",
                "brand": "Axis",
                "osmId": 116,
                "owner": "Purdue University",
                "surveillanceZone": "Public"
            },
            "type": "Feature"
        },
        {
            "geometry": {
                "coordinates": [
                    -86.914043427,
                    40.426638591,
                    152.2
                ],
                "type": "Point"
            },
            "properties": {
                "REMARKS": "SC - Public",
                "brand": "Axis",
                "osmId": 117,
                "owner": "Purdue University",
                "surveillanceZone": "Public"
            },
            "type": "Feature"
        },
        {
            "geometry": {
                "coordinates": [
                    -86.915063001,
                    40.426037789,
                    155.7
                ],
                "type": "Point"
            },
            "properties": {
                "REMARKS": "SCHM - Public",
                "brand": "Axis",
                "osmId": 118,
                "owner": "Purdue University",
                "surveillanceZone": "Public"
            },
            "type": "Feature"
        },
        {
            "geometry": {
                "coordinates": [
                    -86.915049925,
                    40.425606965,
                    155.7
                ],
                "type": "Point"
            },
            "properties": {
                "REMARKS": "SCHM - Public",
                "brand": "Axis",
                "osmId": 119,
                "owner": "Purdue University",
                "surveillanceZone": "Public"
            },
            "type": "Feature"
        },
        {
            "geometry": {
                "coordinates": [
                    -86.915335916,
                    40.426066375,
                    172.0
                ],
                "type": "Point"
            },
            "properties": {
                "REMARKS": "SCHM - Public",
                "brand": "Axis",
                "osmId": 120,
                "owner": "Purdue University",
                "surveillanceZone": "Public"
            },
            "type": "Feature"
        },
        {
            "geometry": {
                "coordinates": [
                    -86.91534061,
                    40.425582974,
                    177.8
                ],
                "type": "Point"
            },
            "properties": {
                "REMARKS": "SCHM - Public",
                "brand": "Axis",
                "osmId": 121,
                "owner": "Purdue University",
                "surveillanceZone": "Public"
            },
            "type": "Feature"
        },
        {
            "geometry": {
                "coordinates": [
                    -86.915393248,
                    40.425538819,
                    168.1
                ],
                "type": "Point"
            },
            "properties": {
                "REMARKS": "Emergency",
                "brand": "Axis",
                "osmId": 122,
                "owner": "Purdue University",
                "surveillanceZone": "Emergency"
            },
            "type": "Feature"
        },
        {
            "geometry": {
                "coordinates": [
                    -86.915054284,
                    40.425678684,
                    159.3
                ],
                "type": "Point"
            },
            "properties": {
                "REMARKS": "SCHM - Public",
                "brand": "Axis",
                "osmId": 123,
                "owner": "Purdue University",
                "surveillanceZone": "Public"
            },
            "type": "Feature"
        },
        {
            "geometry": {
                "coordinates": [
                    -86.915071718,
                    40.425108757,
                    159.8
                ],
                "type": "Point"
            },
            "properties": {
                "REMARKS": "UNIV - Public",
                "brand": "Axis",
                "osmId": 124,
                "owner": "Purdue University",
                "surveillanceZone": "Public"
            },
            "type": "Feature"
        },
        {
            "geometry": {
                "coordinates": [
                    -86.915472038,
                    40.424805288,
                    159.9
                ],
                "type": "Point"
            },
            "properties": {
                "REMARKS": "STON - Public",
                "brand": "Axis",
                "osmId": 125,
                "owner": "Purdue University",
                "surveillanceZone": "Public"
            },
            "type": "Feature"
        },
        {
            "geometry": {
                "coordinates": [
                    -86.915604807,
                    40.424809371,
                    157.9
                ],
                "type": "Point"
            },
            "properties": {
                "REMARKS": "STON - Public",
                "brand": "Axis",
                "osmId": 126,
                "owner": "Purdue University",
                "surveillanceZone": "Public"
            },
            "type": "Feature"
        },
        {
            "geometry": {
                "coordinates": [
                    -86.913084202,
                    40.430748091,
                    151.1
                ],
                "type": "Point"
            },
            "properties": {
                "REMARKS": "WANG - Public",
                "brand": "Axis",
                "osmId": 127,
                "owner": "Purdue University",
                "surveillanceZone": "Public"
            },
            "type": "Feature"
        },
        {
            "geometry": {
                "coordinates": [
                    -86.912808605,
                    40.430937201,
                    153.7
                ],
                "type": "Point"
            },
            "properties": {
                "REMARKS": "WANG - Public",
                "brand": "Axis",
                "osmId": 128,
                "owner": "Purdue University",
                "surveillanceZone": "Public"
            },
            "type": "Feature"
        },
        {
            "geometry": {
                "coordinates": [
                    -86.912774071,
                    40.430931331,
                    153.5
                ],
                "type": "Point"
            },
            "properties": {
                "REMARKS": "WANG - Public",
                "brand": "Axis",
                "osmId": 129,
                "owner": "Purdue University",
                "surveillanceZone": "Public"
            },
            "type": "Feature"
        },
        {
            "geometry": {
                "coordinates": [
                    -86.912623867,
                    40.430788669,
                    156.4
                ],
                "type": "Point"
            },
            "properties": {
                "REMARKS": "WANG - Public",
                "brand": "Axis",
                "osmId": 130,
                "owner": "Purdue University",
                "surveillanceZone": "Public"
            },
            "type": "Feature"
        },
        {
            "geometry": {
                "coordinates": [
                    -86.912706667,
                    40.430866667,
                    159.6
                ],
                "type": "Point"
            },
            "properties": {
                "REMARKS": "WANG - Public",
                "brand": "Axis",
                "osmId": 131,
                "owner": "Purdue University",
                "surveillanceZone": "Public"
            },
            "type": "Feature"
        },
        {
            "geometry": {
                "coordinates": [
                    -86.912622526,
                    40.430787138,
                    163.6
                ],
                "type": "Point"
            },
            "properties": {
                "REMARKS": "WANG - Public",
                "brand": "Axis",
                "osmId": 132,
                "owner": "Purdue University",
                "surveillanceZone": "Public"
            },
            "type": "Feature"
        },
        {
            "geometry": {
                "coordinates": [
                    -86.912458912,
                    40.430634778,
                    162.9
                ],
                "type": "Point"
            },
            "properties": {
                "REMARKS": "WANG - Public",
                "brand": "Axis",
                "osmId": 133,
                "owner": "Purdue University",
                "surveillanceZone": "Public"
            },
            "type": "Feature"
        },
        {
            "geometry": {
                "coordinates": [
                    -86.912344582,
                    40.430536522,
                    162.9
                ],
                "type": "Point"
            },
            "properties": {
                "REMARKS": "WANG - Public",
                "brand": "Axis",
                "osmId": 134,
                "owner": "Purdue University",
                "surveillanceZone": "Public"
            },
            "type": "Feature"
        },
        {
            "geometry": {
                "coordinates": [
                    -86.912023388,
                    40.430227973,
                    164.4
                ],
                "type": "Point"
            },
            "properties": {
                "REMARKS": "WANG - Loading",
                "brand": "Axis",
                "osmId": 135,
                "owner": "Purdue University",
                "surveillanceZone": "Loading"
            },
            "type": "Feature"
        },
        {
            "geometry": {
                "coordinates": [
                    -86.912022382,
                    40.430227207,
                    161.2
                ],
                "type": "Point"
            },
            "properties": {
                "REMARKS": "WANG - Public",
                "brand": "Axis",
                "osmId": 136,
                "owner": "Purdue University",
                "surveillanceZone": "Public"
            },
            "type": "Feature"
        },
        {
            "geometry": {
                "coordinates": [
                    -86.912070997,
                    40.430129717,
                    158.9
                ],
                "type": "Point"
            },
            "properties": {
                "REMARKS": "WANG - Public",
                "brand": "Axis",
                "osmId": 137,
                "owner": "Purdue University",
                "surveillanceZone": "Public"
            },
            "type": "Feature"
        },
        {
            "geometry": {
                "coordinates": [
                    -86.91231139,
                    40.43001921,
                    161.7
                ],
                "type": "Point"
            },
            "properties": {
                "REMARKS": "WANG - Public",
                "brand": "Axis",
                "osmId": 138,
                "owner": "Purdue University",
                "surveillanceZone": "Public"
            },
            "type": "Feature"
        },
        {
            "geometry": {
                "coordinates": [
                    -86.912673824,
                    40.430318573,
                    160.6
                ],
                "type": "Point"
            },
            "properties": {
                "REMARKS": "WANG - Public",
                "brand": "Axis",
                "osmId": 139,
                "owner": "Purdue University",
                "surveillanceZone": "Public"
            },
            "type": "Feature"
        },
        {
            "geometry": {
                "coordinates": [
                    -86.912791841,
                    40.430409428,
                    160.7
                ],
                "type": "Point"
            },
            "properties": {
                "REMARKS": "WANG - Public",
                "brand": "Axis",
                "osmId": 140,
                "owner": "Purdue University",
                "surveillanceZone": "Public"
            },
            "type": "Feature"
        },
        {
            "geometry": {
                "coordinates": [
                    -86.912998036,
                    40.430656471,
                    161.2
                ],
                "type": "Point"
            },
            "properties": {
                "REMARKS": "WANG - Public",
                "brand": "Axis",
                "osmId": 141,
                "owner": "Purdue University",
                "surveillanceZone": "Public"
            },
            "type": "Feature"
        },
        {
            "geometry": {
                "coordinates": [
                    -86.913061403,
                    40.430725633,
                    158.9
                ],
                "type": "Point"
            },
            "properties": {
                "REMARKS": "WANG - Public",
                "brand": "Axis",
                "osmId": 142,
                "owner": "Purdue University",
                "surveillanceZone": "Public"
            },
            "type": "Feature"
        },
        {
            "geometry": {
                "coordinates": [
                    -86.912129335,
                    40.429855109,
                    156.9
                ],
                "type": "Point"
            },
            "properties": {
                "REMARKS": "PGSC - Public",
                "brand": "Axis",
                "osmId": 143,
                "owner": "Purdue University",
                "surveillanceZone": "Parking"
            },
            "type": "Feature"
        },
        {
            "geometry": {
                "coordinates": [
                    -86.910558902,
                    40.429695346,
                    156.3
                ],
                "type": "Point"
            },
            "properties": {
                "REMARKS": "PGNW - Public",
                "brand": "Axis",
                "osmId": 144,
                "owner": "Purdue University",
                "surveillanceZone": "Parking"
            },
            "type": "Feature"
        },
        {
            "geometry": {
                "coordinates": [
                    -86.91055052,
                    40.429361782,
                    154.1
                ],
                "type": "Point"
            },
            "properties": {
                "REMARKS": "PGNW - Public",
                "brand": "Axis",
                "osmId": 145,
                "owner": "Purdue University",
                "surveillanceZone": "Parking"
            },
            "type": "Feature"
        },
        {
            "geometry": {
                "coordinates": [
                    -86.911562718,
                    40.429280368,
                    159.2
                ],
                "type": "Point"
            },
            "properties": {
                "REMARKS": "PGNW - Public",
                "brand": "Axis",
                "osmId": 146,
                "owner": "Purdue University",
                "surveillanceZone": "Parking"
            },
            "type": "Feature"
        },
        {
            "geometry": {
                "coordinates": [
                    -86.909956667,
                    40.42694,
                    156.4
                ],
                "type": "Point"
            },
            "properties": {
                "REMARKS": "BALY - Loading",
                "brand": "Axis",
                "osmId": 147,
                "owner": "Purdue University",
                "surveillanceZone": "Loading"
            },
            "type": "Feature"
        },
        {
            "geometry": {
                "coordinates": [
                    -86.918579377,
                    40.427353726,
                    162.8
                ],
                "type": "Point"
            },
            "properties": {
                "REMARKS": "BIDC - Emergency",
                "brand": "Axis",
                "osmId": 148,
                "owner": "Purdue University",
                "surveillanceZone": "Emergency"
            },
            "type": "Feature"
        },
        {
            "geometry": {
                "coordinates": [
                    -86.91905681,
                    40.427179665,
                    163.6
                ],
                "type": "Point"
            },
            "properties": {
                "REMARKS": "HAGL - Public",
                "brand": "Axis",
                "osmId": 149,
                "owner": "Purdue University",
                "surveillanceZone": "Public"
            },
            "type": "Feature"
        },
        {
            "geometry": {
                "coordinates": [
                    -86.919016242,
                    40.426952516,
                    163.6
                ],
                "type": "Point"
            },
            "properties": {
                "REMARKS": "HAGL - Emergency",
                "brand": "Axis",
                "osmId": 150,
                "owner": "Purdue University",
                "surveillanceZone": "Emergency"
            },
            "type": "Feature"
        },
        {
            "geometry": {
                "coordinates": [
                    -86.918887161,
                    40.426943073,
                    164.0
                ],
                "type": "Point"
            },
            "properties": {
                "REMARKS": "HAGL - Public",
                "brand": "Axis",
                "osmId": 151,
                "owner": "Purdue University",
                "surveillanceZone": "Public"
            },
            "type": "Feature"
        },
        {
            "geometry": {
                "coordinates": [
                    -86.918607205,
                    40.427126323,
                    164.3
                ],
                "type": "Point"
            },
            "properties": {
                "REMARKS": "HAGL - Public",
                "brand": "Axis",
                "osmId": 152,
                "owner": "Purdue University",
                "surveillanceZone": "Public"
            },
            "type": "Feature"
        },
        {
            "geometry": {
                "coordinates": [
                    -86.920964867,
                    40.428749775,
                    163.0
                ],
                "type": "Point"
            },
            "properties": {
                "REMARKS": "WDCT - Public",
                "brand": "Axis",
                "osmId": 153,
                "owner": "Purdue University",
                "surveillanceZone": "Public"
            },
            "type": "Feature"
        },
        {
            "geometry": {
                "coordinates": [
                    -86.920767054,
                    40.428748244,
                    162.5
                ],
                "type": "Point"
            },
            "properties": {
                "REMARKS": "WDCT - Public",
                "brand": "Axis",
                "osmId": 154,
                "owner": "Purdue University",
                "surveillanceZone": "Public"
            },
            "type": "Feature"
        },
        {
            "geometry": {
                "coordinates": [
                    -86.920681559,
                    40.428712258,
                    162.2
                ],
                "type": "Point"
            },
            "properties": {
                "REMARKS": "WDCT - Public",
                "brand": "Axis",
                "osmId": 155,
                "owner": "Purdue University",
                "surveillanceZone": "Public"
            },
            "type": "Feature"
        },
        {
            "geometry": {
                "coordinates": [
                    -86.920010671,
                    40.42829166,
                    159.8
                ],
                "type": "Point"
            },
            "properties": {
                "REMARKS": "PKRF - Public",
                "brand": "Axis",
                "osmId": 156,
                "owner": "Purdue University",
                "surveillanceZone": "Public"
            },
            "type": "Feature"
        },
        {
            "geometry": {
                "coordinates": [
                    -86.919526868,
                    40.427998158,
                    163.0
                ],
                "type": "Point"
            },
            "properties": {
                "REMARKS": "PKRF - Loading",
                "brand": "Axis",
                "osmId": 157,
                "owner": "Purdue University",
                "surveillanceZone": "Loading"
            },
            "type": "Feature"
        },
        {
            "geometry": {
                "coordinates": [
                    -86.919739768,
                    40.427899643,
                    164.9
                ],
                "type": "Point"
            },
            "properties": {
                "REMARKS": "PKRF - Public",
                "brand": "Axis",
                "osmId": 158,
                "owner": "Purdue University",
                "surveillanceZone": "Public"
            },
            "type": "Feature"
        },
        {
            "geometry": {
                "coordinates": [
                    -86.91944506,
                    40.427845026,
                    166.1
                ],
                "type": "Point"
            },
            "properties": {
                "REMARKS": "PKRF - Public",
                "brand": "Axis",
                "osmId": 159,
                "owner": "Purdue University",
                "surveillanceZone": "Public"
            },
            "type": "Feature"
        },
        {
            "geometry": {
                "coordinates": [
                    -86.919379681,
                    40.427781732,
                    165.7
                ],
                "type": "Point"
            },
            "properties": {
                "REMARKS": "PKRF - Public",
                "brand": "Axis",
                "osmId": 160,
                "owner": "Purdue University",
                "surveillanceZone": "Public"
            },
            "type": "Feature"
        },
        {
            "geometry": {
                "coordinates": [
                    -86.919319332,
                    40.427899388,
                    164.2
                ],
                "type": "Point"
            },
            "properties": {
                "REMARKS": "PKRF - Public",
                "brand": "Axis",
                "osmId": 161,
                "owner": "Purdue University",
                "surveillanceZone": "Public"
            },
            "type": "Feature"
        },
        {
            "geometry": {
                "coordinates": [
                    -86.919435002,
                    40.428289873,
                    162.5
                ],
                "type": "Point"
            },
            "properties": {
                "REMARKS": "PKRF - Public",
                "brand": "Axis",
                "osmId": 162,
                "owner": "Purdue University",
                "surveillanceZone": "Public"
            },
            "type": "Feature"
        },
        {
            "geometry": {
                "coordinates": [
                    -86.919329055,
                    40.428336068,
                    163.2
                ],
                "type": "Point"
            },
            "properties": {
                "REMARKS": "PKRF - Public",
                "brand": "Axis",
                "osmId": 163,
                "owner": "Purdue University",
                "surveillanceZone": "Public"
            },
            "type": "Feature"
        },
        {
            "geometry": {
                "coordinates": [
                    -86.919704564,
                    40.428302634,
                    163.2
                ],
                "type": "Point"
            },
            "properties": {
                "REMARKS": "PKRF - Public",
                "brand": "Axis",
                "osmId": 164,
                "owner": "Purdue University",
                "surveillanceZone": "Public"
            },
            "type": "Feature"
        },
        {
            "geometry": {
                "coordinates": [
                    -86.919325031,
                    40.428584139,
                    171.7
                ],
                "type": "Point"
            },
            "properties": {
                "REMARKS": "PKRF - Public",
                "brand": "Axis",
                "osmId": 165,
                "owner": "Purdue University",
                "surveillanceZone": "Public"
            },
            "type": "Feature"
        },
        {
            "geometry": {
                "coordinates": [
                    -86.919358333,
                    40.428761667,
                    171.0
                ],
                "type": "Point"
            },
            "properties": {
                "REMARKS": "PKRF - Public",
                "brand": "Axis",
                "osmId": 166,
                "owner": "Purdue University",
                "surveillanceZone": "Public"
            },
            "type": "Feature"
        },
        {
            "geometry": {
                "coordinates": [
                    -86.919559725,
                    40.428685205,
                    170.9
                ],
                "type": "Point"
            },
            "properties": {
                "REMARKS": "PKRF - Public",
                "brand": "Axis",
                "osmId": 167,
                "owner": "Purdue University",
                "surveillanceZone": "Public"
            },
            "type": "Feature"
        },
        {
            "geometry": {
                "coordinates": [
                    -86.919543296,
                    40.428626505,
                    170.2
                ],
                "type": "Point"
            },
            "properties": {
                "REMARKS": "PKRF - Public",
                "brand": "Axis",
                "osmId": 168,
                "owner": "Purdue University",
                "surveillanceZone": "Public"
            },
            "type": "Feature"
        },
        {
            "geometry": {
                "coordinates": [
                    -86.919898018,
                    40.428517783,
                    170.8
                ],
                "type": "Point"
            },
            "properties": {
                "REMARKS": "PKRF - Public",
                "brand": "Axis",
                "osmId": 169,
                "owner": "Purdue University",
                "surveillanceZone": "Public"
            },
            "type": "Feature"
        },
        {
            "geometry": {
                "coordinates": [
                    -86.920357682,
                    40.428541008,
                    169.6
                ],
                "type": "Point"
            },
            "properties": {
                "REMARKS": "WDCT - Public",
                "brand": "Axis",
                "osmId": 170,
                "owner": "Purdue University",
                "surveillanceZone": "Loading"
            },
            "type": "Feature"
        },
        {
            "geometry": {
                "coordinates": [
                    -86.920011006,
                    40.428400893,
                    175.9
                ],
                "type": "Point"
            },
            "properties": {
                "REMARKS": "PKRF - Public",
                "brand": "Axis",
                "osmId": 171,
                "owner": "Purdue University",
                "surveillanceZone": "Public"
            },
            "type": "Feature"
        },
        {
            "geometry": {
                "coordinates": [
                    -86.920031458,
                    40.427695212,
                    172.0
                ],
                "type": "Point"
            },
            "properties": {
                "REMARKS": "PKRW - Loading",
                "brand": "Axis",
                "osmId": 172,
                "owner": "Purdue University",
                "surveillanceZone": "Loading"
            },
            "type": "Feature"
        },
        {
            "geometry": {
                "coordinates": [
                    -86.921319924,
                    40.427735026,
                    169.6
                ],
                "type": "Point"
            },
            "properties": {
                "REMARKS": "KRCH - Loading",
                "brand": "Axis",
                "osmId": 173,
                "owner": "Purdue University",
                "surveillanceZone": "Loading"
            },
            "type": "Feature"
        },
        {
            "geometry": {
                "coordinates": [
                    -86.921360828,
                    40.427754934,
                    169.4
                ],
                "type": "Point"
            },
            "properties": {
                "REMARKS": "KRCH - Public",
                "brand": "Axis",
                "osmId": 174,
                "owner": "Purdue University",
                "surveillanceZone": "Public"
            },
            "type": "Feature"
        },
        {
            "geometry": {
                "coordinates": [
                    -86.9215516,
                    40.42771614,
                    167.5
                ],
                "type": "Point"
            },
            "properties": {
                "REMARKS": "KRCH - Public",
                "brand": "Axis",
                "osmId": 175,
                "owner": "Purdue University",
                "surveillanceZone": "Public"
            },
            "type": "Feature"
        },
        {
            "geometry": {
                "coordinates": [
                    -86.91933576,
                    40.427403239,
                    168.2
                ],
                "type": "Point"
            },
            "properties": {
                "REMARKS": "BCC - Public",
                "brand": "Axis",
                "osmId": 176,
                "owner": "Purdue University",
                "surveillanceZone": "Public"
            },
            "type": "Feature"
        },
        {
            "geometry": {
                "coordinates": [
                    -86.92087099,
                    40.427491291,
                    172.0
                ],
                "type": "Point"
            },
            "properties": {
                "REMARKS": "KRCH - Public",
                "brand": "Axis",
                "osmId": 177,
                "owner": "Purdue University",
                "surveillanceZone": "Public"
            },
            "type": "Feature"
        },
        {
            "geometry": {
                "coordinates": [
                    -86.921225041,
                    40.427476998,
                    172.0
                ],
                "type": "Point"
            },
            "properties": {
                "REMARKS": "KRCH - Public",
                "brand": "Axis",
                "osmId": 178,
                "owner": "Purdue University",
                "surveillanceZone": "Public"
            },
            "type": "Feature"
        },
        {
            "geometry": {
                "coordinates": [
                    -86.919673719,
                    40.426214917,
                    167.0
                ],
                "type": "Point"
            },
            "properties": {
                "REMARKS": "HCRS - Emergency",
                "brand": "Axis",
                "osmId": 179,
                "owner": "Purdue University",
                "surveillanceZone": "Emergency"
            },
            "type": "Feature"
        },
        {
            "geometry": {
                "coordinates": [
                    -86.919657625,
                    40.426935671,
                    260.4
                ],
                "type": "Point"
            },
            "properties": {
                "REMARKS": "HCRN - Public",
                "brand": "Axis",
                "osmId": 180,
                "owner": "Purdue University",
                "surveillanceZone": "Public"
            },
            "type": "Feature"
        },
        {
            "geometry": {
                "coordinates": [
                    -86.919651926,
                    40.426665134,
                    255.0
                ],
                "type": "Point"
            },
            "properties": {
                "REMARKS": "HCRN - Public",
                "brand": "Axis",
                "osmId": 181,
                "owner": "Purdue University",
                "surveillanceZone": "Public"
            },
            "type": "Feature"
        },
        {
            "geometry": {
                "coordinates": [
                    -86.921238787,
                    40.425983681,
                    242.6
                ],
                "type": "Point"
            },
            "properties": {
                "REMARKS": "WOOD - Loading",
                "brand": "Axis",
                "osmId": 182,
                "owner": "Purdue University",
                "surveillanceZone": "Loading"
            },
            "type": "Feature"
        },
        {
            "geometry": {
                "coordinates": [
                    -86.920849197,
                    40.427261081,
                    237.8
                ],
                "type": "Point"
            },
            "properties": {
                "REMARKS": "WARN - Emergency",
                "brand": "Axis",
                "osmId": 183,
                "owner": "Purdue University",
                "surveillanceZone": "Emergency"
            },
            "type": "Feature"
        },
        {
            "geometry": {
                "coordinates": [
                    -86.921326965,
                    40.426739404,
                    227.0
                ],
                "type": "Point"
            },
            "properties": {
                "REMARKS": "WARN - Loading",
                "brand": "Axis",
                "osmId": 184,
                "owner": "Purdue University",
                "surveillanceZone": "Loading"
            },
            "type": "Feature"
        },
        {
            "geometry": {
                "coordinates": [
                    -86.922196336,
                    40.427244746,
                    153.2
                ],
                "type": "Point"
            },
            "properties": {
                "REMARKS": "Emergency",
                "brand": "Axis",
                "osmId": 185,
                "owner": "Purdue University",
                "surveillanceZone": "Emergency"
            },
            "type": "Feature"
        },
        {
            "geometry": {
                "coordinates": [
                    -86.922992952,
                    40.428988147,
                    154
                ],
                "type": "Point"
            },
            "properties": {
                "REMARKS": "CREC - Public - Nonstandard",
                "brand": "Unknown",
                "osmId": 186,
                "owner": "Purdue University",
                "surveillanceZone": "Public"
            },
            "type": "Feature"
        },
        {
            "geometry": {
                "coordinates": [
                    -86.923880428,
                    40.427462195,
                    153.5
                ],
                "type": "Point"
            },
            "properties": {
                "REMARKS": "Emergency",
                "brand": "Axis",
                "osmId": 187,
                "owner": "Purdue University",
                "surveillanceZone": "Emergency"
            },
            "type": "Feature"
        },
        {
            "geometry": {
                "coordinates": [
                    -86.922029704,
                    40.427705166,
                    152.1
                ],
                "type": "Point"
            },
            "properties": {
                "REMARKS": "CREC - Public",
                "brand": "Axis",
                "osmId": 188,
                "owner": "Purdue University",
                "surveillanceZone": "Public"
            },
            "type": "Feature"
        },
        {
            "geometry": {
                "coordinates": [
                    -86.925198399,
                    40.429255612,
                    152.4
                ],
                "type": "Point"
            },
            "properties": {
                "REMARKS": "",
                "brand": "Axis",
                "osmId": 189,
                "owner": "Purdue University",
                "surveillanceZone": "Public"
            },
            "type": "Feature"
        },
        {
            "geometry": {
                "coordinates": [
                    -86.924556009,
                    40.428185744,
                    152.3
                ],
                "type": "Point"
            },
            "properties": {
                "REMARKS": "TREC - Public",
                "brand": "Axis",
                "osmId": 190,
                "owner": "Purdue University",
                "surveillanceZone": "Public"
            },
            "type": "Feature"
        },
        {
            "geometry": {
                "coordinates": [
                    -86.924032979,
                    40.428185999,
                    153.5
                ],
                "type": "Point"
            },
            "properties": {
                "REMARKS": "TREC - Public",
                "brand": "Axis",
                "osmId": 191,
                "owner": "Purdue University",
                "surveillanceZone": "Public"
            },
            "type": "Feature"
        },
        {
            "geometry": {
                "coordinates": [
                    -86.926199198,
                    40.430923675,
                    155.2
                ],
                "type": "Point"
            },
            "properties": {
                "REMARKS": "",
                "brand": "Axis",
                "osmId": 192,
                "owner": "Purdue University",
                "surveillanceZone": "Public"
            },
            "type": "Feature"
        },
        {
            "geometry": {
                "coordinates": [
                    -86.926164329,
                    40.431347319,
                    159.1
                ],
                "type": "Point"
            },
            "properties": {
                "REMARKS": "",
                "brand": "Axis",
                "osmId": 193,
                "owner": "Purdue University",
                "surveillanceZone": "Public"
            },
            "type": "Feature"
        },
        {
            "geometry": {
                "coordinates": [
                    -86.926995479,
                    40.431379475,
                    160.9
                ],
                "type": "Point"
            },
            "properties": {
                "REMARKS": "",
                "brand": "Axis",
                "osmId": 194,
                "owner": "Purdue University",
                "surveillanceZone": "Public"
            },
            "type": "Feature"
        },
        {
            "geometry": {
                "coordinates": [
                    -86.927021965,
                    40.430927503,
                    159.4
                ],
                "type": "Point"
            },
            "properties": {
                "REMARKS": "",
                "brand": "Axis",
                "osmId": 195,
                "owner": "Purdue University",
                "surveillanceZone": "Public"
            },
            "type": "Feature"
        },
        {
            "geometry": {
                "coordinates": [
                    -86.923838519,
                    40.425720286,
                    141.5
                ],
                "type": "Point"
            },
            "properties": {
                "REMARKS": "MDRS - Public",
                "brand": "Axis",
                "osmId": 196,
                "owner": "Purdue University",
                "surveillanceZone": "Public"
            },
            "type": "Feature"
        },
        {
            "geometry": {
                "coordinates": [
                    -86.923098229,
                    40.425746575,
                    143.0
                ],
                "type": "Point"
            },
            "properties": {
                "REMARKS": "MDRS - Public",
                "brand": "Axis",
                "osmId": 197,
                "owner": "Purdue University",
                "surveillanceZone": "Public"
            },
            "type": "Feature"
        },
        {
            "geometry": {
                "coordinates": [
                    -86.922886334,
                    40.425721563,
                    145.7
                ],
                "type": "Point"
            },
            "properties": {
                "REMARKS": "MDRS - Public",
                "brand": "Axis",
                "osmId": 198,
                "owner": "Purdue University",
                "surveillanceZone": "Public"
            },
            "type": "Feature"
        },
        {
            "geometry": {
                "coordinates": [
                    -86.922469251,
                    40.425633764,
                    146.6
                ],
                "type": "Point"
            },
            "properties": {
                "REMARKS": "MDRS - Public",
                "brand": "Axis",
                "osmId": 199,
                "owner": "Purdue University",
                "surveillanceZone": "Public"
            },
            "type": "Feature"
        },
        {
            "geometry": {
                "coordinates": [
                    -86.922363639,
                    40.42548956,
                    148.0
                ],
                "type": "Point"
            },
            "properties": {
                "REMARKS": "MDRS - Public",
                "brand": "Axis",
                "osmId": 200,
                "owner": "Purdue University",
                "surveillanceZone": "Public"
            },
            "type": "Feature"
        },
        {
            "geometry": {
                "coordinates": [
                    -86.922910139,
                    40.425477054,
                    148.8
                ],
                "type": "Point"
            },
            "properties": {
                "REMARKS": "MDRS - Public",
                "brand": "Axis",
                "osmId": 201,
                "owner": "Purdue University",
                "surveillanceZone": "Public"
            },
            "type": "Feature"
        },
        {
            "geometry": {
                "coordinates": [
                    -86.922993623,
                    40.425524526,
                    148.9
                ],
                "type": "Point"
            },
            "properties": {
                "REMARKS": "MDRS - Public",
                "brand": "Axis",
                "osmId": 202,
                "owner": "Purdue University",
                "surveillanceZone": "Public"
            },
            "type": "Feature"
        },
        {
            "geometry": {
                "coordinates": [
                    -86.923226304,
                    40.425536777,
                    148.9
                ],
                "type": "Point"
            },
            "properties": {
                "REMARKS": "MDRS - Public",
                "brand": "Axis",
                "osmId": 203,
                "owner": "Purdue University",
                "surveillanceZone": "Public"
            },
            "type": "Feature"
        },
        {
            "geometry": {
                "coordinates": [
                    -86.923787221,
                    40.425498493,
                    150.7
                ],
                "type": "Point"
            },
            "properties": {
                "REMARKS": "MDRS - Public",
                "brand": "Axis",
                "osmId": 204,
                "owner": "Purdue University",
                "surveillanceZone": "Public"
            },
            "type": "Feature"
        },
        {
            "geometry": {
                "coordinates": [
                    -86.924916767,
                    40.426130947,
                    160.3
                ],
                "type": "Point"
            },
            "properties": {
                "REMARKS": "ERHT - Loading",
                "brand": "Axis",
                "osmId": 205,
                "owner": "Purdue University",
                "surveillanceZone": "Loading"
            },
            "type": "Feature"
        },
        {
            "geometry": {
                "coordinates": [
                    -86.925469302,
                    40.42706507,
                    162.1
                ],
                "type": "Point"
            },
            "properties": {
                "REMARKS": "SHRV - Public",
                "brand": "Axis",
                "osmId": 206,
                "owner": "Purdue University",
                "surveillanceZone": "Public"
            },
            "type": "Feature"
        },
        {
            "geometry": {
                "coordinates": [
                    -86.922405,
                    40.425161667,
                    163.5
                ],
                "type": "Point"
            },
            "properties": {
                "REMARKS": "FWLR - Public",
                "brand": "Axis",
                "osmId": 207,
                "owner": "Purdue University",
                "surveillanceZone": "Public"
            },
            "type": "Feature"
        },
        {
            "geometry": {
                "coordinates": [
                    -86.923084818,
                    40.42484051,
                    157.8
                ],
                "type": "Point"
            },
            "properties": {
                "REMARKS": "HNLY - Public",
                "brand": "Axis",
                "osmId": 208,
                "owner": "Purdue University",
                "surveillanceZone": "Public"
            },
            "type": "Feature"
        },
        {
            "geometry": {
                "coordinates": [
                    -86.923202164,
                    40.424615395,
                    162.3
                ],
                "type": "Point"
            },
            "properties": {
                "REMARKS": "HNLY - Emergency",
                "brand": "Axis",
                "osmId": 209,
                "owner": "Purdue University",
                "surveillanceZone": "Emergency"
            },
            "type": "Feature"
        },
        {
            "geometry": {
                "coordinates": [
                    -86.922640912,
                    40.424901255,
                    162.3
                ],
                "type": "Point"
            },
            "properties": {
                "REMARKS": "HNLY - Public",
                "brand": "Axis",
                "osmId": 210,
                "owner": "Purdue University",
                "surveillanceZone": "Public"
            },
            "type": "Feature"
        },
        {
            "geometry": {
                "coordinates": [
                    -86.922584921,
                    40.42481856,
                    158.3
                ],
                "type": "Point"
            },
            "properties": {
                "REMARKS": "HNLY - Public",
                "brand": "Axis",
                "osmId": 211,
                "owner": "Purdue University",
                "surveillanceZone": "Public"
            },
            "type": "Feature"
        },
        {
            "geometry": {
                "coordinates": [
                    -86.924366667,
                    40.424748333,
                    159.4
                ],
                "type": "Point"
            },
            "properties": {
                "REMARKS": "FSTC - Public",
                "brand": "Axis",
                "osmId": 212,
                "owner": "Purdue University",
                "surveillanceZone": "Public"
            },
            "type": "Feature"
        },
        {
            "geometry": {
                "coordinates": [
                    -86.925899796,
                    40.425690425,
                    167.7
                ],
                "type": "Point"
            },
            "properties": {
                "REMARKS": "Emergency",
                "brand": "Axis",
                "osmId": 213,
                "owner": "Purdue University",
                "surveillanceZone": "Emergency"
            },
            "type": "Feature"
        },
        {
            "geometry": {
                "coordinates": [
                    -86.927121878,
                    40.425700889,
                    171.5
                ],
                "type": "Point"
            },
            "properties": {
                "REMARKS": "Emergency ",
                "brand": "Axis",
                "osmId": 214,
                "owner": "Purdue University",
                "surveillanceZone": "Public"
            },
            "type": "Feature"
        },
        {
            "geometry": {
                "coordinates": [
                    -86.92737367,
                    40.4259602,
                    166.0
                ],
                "type": "Point"
            },
            "properties": {
                "REMARKS": "HILL - Public",
                "brand": "Axis",
                "osmId": 215,
                "owner": "Purdue University",
                "surveillanceZone": "Public"
            },
            "type": "Feature"
        },
        {
            "geometry": {
                "coordinates": [
                    -86.927259341,
                    40.426308585,
                    166.4
                ],
                "type": "Point"
            },
            "properties": {
                "REMARKS": "HILL - Loading",
                "brand": "Axis",
                "osmId": 216,
                "owner": "Purdue University",
                "surveillanceZone": "Loading"
            },
            "type": "Feature"
        },
        {
            "geometry": {
                "coordinates": [
                    -86.926897913,
                    40.426132734,
                    166.2
                ],
                "type": "Point"
            },
            "properties": {
                "REMARKS": "HILL - Loading",
                "brand": "Axis",
                "osmId": 217,
                "owner": "Purdue University",
                "surveillanceZone": "Loading"
            },
            "type": "Feature"
        },
        {
            "geometry": {
                "coordinates": [
                    -86.926020831,
                    40.426374433,
                    168.2
                ],
                "type": "Point"
            },
            "properties": {
                "REMARKS": "HILL - Emergency",
                "brand": "Axis",
                "osmId": 218,
                "owner": "Purdue University",
                "surveillanceZone": "Emergency"
            },
            "type": "Feature"
        },
        {
            "geometry": {
                "coordinates": [
                    -86.926069781,
                    40.426096236,
                    183.2
                ],
                "type": "Point"
            },
            "properties": {
                "REMARKS": "HILL - Public",
                "brand": "Axis",
                "osmId": 219,
                "owner": "Purdue University",
                "surveillanceZone": "Public"
            },
            "type": "Feature"
        },
        {
            "geometry": {
                "coordinates": [
                    -86.928755343,
                    40.426053358,
                    181.9
                ],
                "type": "Point"
            },
            "properties": {
                "REMARKS": "PGMD - Public",
                "brand": "Axis",
                "osmId": 220,
                "owner": "Purdue University",
                "surveillanceZone": "Parking"
            },
            "type": "Feature"
        },
        {
            "geometry": {
                "coordinates": [
                    -86.928718798,
                    40.426504598,
                    180.9
                ],
                "type": "Point"
            },
            "properties": {
                "REMARKS": "PGMD - Public",
                "brand": "Axis",
                "osmId": 221,
                "owner": "Purdue University",
                "surveillanceZone": "Parking"
            },
            "type": "Feature"
        },
        {
            "geometry": {
                "coordinates": [
                    -86.928723156,
                    40.426872376,
                    180.7
                ],
                "type": "Point"
            },
            "properties": {
                "REMARKS": "PGMD - Public",
                "brand": "Axis",
                "osmId": 222,
                "owner": "Purdue University",
                "surveillanceZone": "Parking"
            },
            "type": "Feature"
        },
        {
            "geometry": {
                "coordinates": [
                    -86.928718798,
                    40.427054605,
                    180.9
                ],
                "type": "Point"
            },
            "properties": {
                "REMARKS": "PGMD - Public",
                "brand": "Axis",
                "osmId": 223,
                "owner": "Purdue University",
                "surveillanceZone": "Parking"
            },
            "type": "Feature"
        },
        {
            "geometry": {
                "coordinates": [
                    -86.927655973,
                    40.426613579,
                    182.8
                ],
                "type": "Point"
            },
            "properties": {
                "REMARKS": "PGMD - Public",
                "brand": "Axis",
                "osmId": 224,
                "owner": "Purdue University",
                "surveillanceZone": "Emergency"
            },
            "type": "Feature"
        },
        {
            "geometry": {
                "coordinates": [
                    -86.929045,
                    40.426818333,
                    183.0
                ],
                "type": "Point"
            },
            "properties": {
                "REMARKS": "3WST - Public",
                "brand": "Axis",
                "osmId": 225,
                "owner": "Purdue University",
                "surveillanceZone": "Public"
            },
            "type": "Feature"
        },
        {
            "geometry": {
                "coordinates": [
                    -86.929501667,
                    40.42708,
                    184.3
                ],
                "type": "Point"
            },
            "properties": {
                "REMARKS": "3WST - Public",
                "brand": "Axis",
                "osmId": 226,
                "owner": "Purdue University",
                "surveillanceZone": "Public"
            },
            "type": "Feature"
        },
        {
            "geometry": {
                "coordinates": [
                    -86.929986667,
                    40.427016667,
                    184.4
                ],
                "type": "Point"
            },
            "properties": {
                "REMARKS": "3WST - Public",
                "brand": "Axis",
                "osmId": 227,
                "owner": "Purdue University",
                "surveillanceZone": "Public"
            },
            "type": "Feature"
        },
        {
            "geometry": {
                "coordinates": [
                    -86.929804757,
                    40.424854037,
                    155.7
                ],
                "type": "Point"
            },
            "properties": {
                "REMARKS": "PW - Public",
                "brand": "Axis",
                "osmId": 228,
                "owner": "Purdue University",
                "surveillanceZone": "Public"
            },
            "type": "Feature"
        },
        {
            "geometry": {
                "coordinates": [
                    -86.930048838,
                    40.424551332,
                    155.2
                ],
                "type": "Point"
            },
            "properties": {
                "REMARKS": "PW - Public",
                "brand": "Axis",
                "osmId": 229,
                "owner": "Purdue University",
                "surveillanceZone": "Public"
            },
            "type": "Feature"
        },
        {
            "geometry": {
                "coordinates": [
                    -86.930089407,
                    40.424721316,
                    154.2
                ],
                "type": "Point"
            },
            "properties": {
                "REMARKS": "PW - Public",
                "brand": "Axis",
                "osmId": 230,
                "owner": "Purdue University",
                "surveillanceZone": "Public"
            },
            "type": "Feature"
        },
        {
            "geometry": {
                "coordinates": [
                    -86.930104494,
                    40.42490151,
                    154.9
                ],
                "type": "Point"
            },
            "properties": {
                "REMARKS": "PW - Public",
                "brand": "Axis",
                "osmId": 231,
                "owner": "Purdue University",
                "surveillanceZone": "Public"
            },
            "type": "Feature"
        },
        {
            "geometry": {
                "coordinates": [
                    -86.930002235,
                    40.424935456,
                    154.9
                ],
                "type": "Point"
            },
            "properties": {
                "REMARKS": "PW - Public",
                "brand": "Axis",
                "osmId": 232,
                "owner": "Purdue University",
                "surveillanceZone": "Public"
            },
            "type": "Feature"
        },
        {
            "geometry": {
                "coordinates": [
                    -86.915381178,
                    40.432638652,
                    149.1
                ],
                "type": "Point"
            },
            "properties": {
                "REMARKS": "Emergency",
                "brand": "Axis",
                "osmId": 233,
                "owner": "Purdue University",
                "surveillanceZone": "Emergency"
            },
            "type": "Feature"
        },
        {
            "geometry": {
                "coordinates": [
                    -86.916717924,
                    40.433051312,
                    151.1
                ],
                "type": "Point"
            },
            "properties": {
                "REMARKS": "MACK - Public",
                "brand": "Axis",
                "osmId": 234,
                "owner": "Purdue University",
                "surveillanceZone": "Public"
            },
            "type": "Feature"
        },
        {
            "geometry": {
                "coordinates": [
                    -86.916660592,
                    40.433646692,
                    152.9
                ],
                "type": "Point"
            },
            "properties": {
                "REMARKS": "MACK - Public",
                "brand": "Axis",
                "osmId": 235,
                "owner": "Purdue University",
                "surveillanceZone": "Public"
            },
            "type": "Feature"
        },
        {
            "geometry": {
                "coordinates": [
                    -86.915458627,
                    40.434575606,
                    153.2
                ],
                "type": "Point"
            },
            "properties": {
                "REMARKS": "MACK - Public",
                "brand": "Axis",
                "osmId": 236,
                "owner": "Purdue University",
                "surveillanceZone": "Public"
            },
            "type": "Feature"
        },
        {
            "geometry": {
                "coordinates": [
                    -86.91544,
                    40.433911667,
                    153.8
                ],
                "type": "Point"
            },
            "properties": {
                "REMARKS": "MACK - Public",
                "brand": "Axis",
                "osmId": 237,
                "owner": "Purdue University",
                "surveillanceZone": "Public"
            },
            "type": "Feature"
        },
        {
            "geometry": {
                "coordinates": [
                    -86.916378333,
                    40.43485,
                    152.5
                ],
                "type": "Point"
            },
            "properties": {
                "REMARKS": "Emergency",
                "brand": "Axis",
                "osmId": 238,
                "owner": "Purdue University",
                "surveillanceZone": "Emergency"
            },
            "type": "Feature"
        },
        {
            "geometry": {
                "coordinates": [
                    -86.916153319,
                    40.434772616,
                    153.6
                ],
                "type": "Point"
            },
            "properties": {
                "REMARKS": "Emergency",
                "brand": "Axis",
                "osmId": 239,
                "owner": "Purdue University",
                "surveillanceZone": "Emergency"
            },
            "type": "Feature"
        },
        {
            "geometry": {
                "coordinates": [
                    -86.917290911,
                    40.436172594,
                    159.9
                ],
                "type": "Point"
            },
            "properties": {
                "REMARKS": "MOLL - Loading",
                "brand": "Axis",
                "osmId": 240,
                "owner": "Purdue University",
                "surveillanceZone": "Loading"
            },
            "type": "Feature"
        },
        {
            "geometry": {
                "coordinates": [
                    -86.915768422,
                    40.43650689,
                    161.7
                ],
                "type": "Point"
            },
            "properties": {
                "REMARKS": "KFPC - Public",
                "brand": "Axis",
                "osmId": 241,
                "owner": "Purdue University",
                "surveillanceZone": "Public"
            },
            "type": "Feature"
        },
        {
            "geometry": {
                "coordinates": [
                    -86.915794574,
                    40.436542361,
                    165.8
                ],
                "type": "Point"
            },
            "properties": {
                "REMARKS": "KFPC - Public",
                "brand": "Axis",
                "osmId": 242,
                "owner": "Purdue University",
                "surveillanceZone": "Public"
            },
            "type": "Feature"
        },
        {
            "geometry": {
                "coordinates": [
                    -86.91704616,
                    40.436496172,
                    169.5
                ],
                "type": "Point"
            },
            "properties": {
                "REMARKS": "KFPH - Public",
                "brand": "Axis",
                "osmId": 243,
                "owner": "Purdue University",
                "surveillanceZone": "Public"
            },
            "type": "Feature"
        },
        {
            "geometry": {
                "coordinates": [
                    -86.918410063,
                    40.435953897,
                    174.5
                ],
                "type": "Point"
            },
            "properties": {
                "REMARKS": "STDM",
                "brand": "Axis",
                "osmId": 244,
                "owner": "Purdue University",
                "surveillanceZone": "Public"
            },
            "type": "Feature"
        },
        {
            "geometry": {
                "coordinates": [
                    -86.917963475,
                    40.435844166,
                    172.2
                ],
                "type": "Point"
            },
            "properties": {
                "REMARKS": "STDM",
                "brand": "Axis",
                "osmId": 245,
                "owner": "Purdue University",
                "surveillanceZone": "Public"
            },
            "type": "Feature"
        },
        {
            "geometry": {
                "coordinates": [
                    -86.918074451,
                    40.435683906,
                    172.1
                ],
                "type": "Point"
            },
            "properties": {
                "REMARKS": "STDM - Loading",
                "brand": "Axis",
                "osmId": 246,
                "owner": "Purdue University",
                "surveillanceZone": "Loading"
            },
            "type": "Feature"
        },
        {
            "geometry": {
                "coordinates": [
                    -86.917313375,
                    40.433900613,
                    174.4
                ],
                "type": "Point"
            },
            "properties": {
                "REMARKS": "STDM",
                "brand": "Axis",
                "osmId": 247,
                "owner": "Purdue University",
                "surveillanceZone": "Public"
            },
            "type": "Feature"
        },
        {
            "geometry": {
                "coordinates": [
                    -86.917873621,
                    40.433642864,
                    174.6
                ],
                "type": "Point"
            },
            "properties": {
                "REMARKS": "STDM",
                "brand": "Axis",
                "osmId": 248,
                "owner": "Purdue University",
                "surveillanceZone": "Public"
            },
            "type": "Feature"
        },
        {
            "geometry": {
                "coordinates": [
                    -86.918398663,
                    40.433529811,
                    174.3
                ],
                "type": "Point"
            },
            "properties": {
                "REMARKS": "STDM",
                "brand": "Axis",
                "osmId": 249,
                "owner": "Purdue University",
                "surveillanceZone": "Public"
            },
            "type": "Feature"
        },
        {
            "geometry": {
                "coordinates": [
                    -86.919498369,
                    40.433999119,
                    172.3
                ],
                "type": "Point"
            },
            "properties": {
                "REMARKS": "STDM",
                "brand": "Axis",
                "osmId": 250,
                "owner": "Purdue University",
                "surveillanceZone": "Public"
            },
            "type": "Feature"
        },
        {
            "geometry": {
                "coordinates": [
                    -86.919524185,
                    40.434047862,
                    171.2
                ],
                "type": "Point"
            },
            "properties": {
                "REMARKS": "STDM",
                "brand": "Axis",
                "osmId": 251,
                "owner": "Purdue University",
                "surveillanceZone": "Public"
            },
            "type": "Feature"
        },
        {
            "geometry": {
                "coordinates": [
                    -86.919683106,
                    40.434541155,
                    168.8
                ],
                "type": "Point"
            },
            "properties": {
                "REMARKS": "STDM",
                "brand": "Axis",
                "osmId": 252,
                "owner": "Purdue University",
                "surveillanceZone": "Public"
            },
            "type": "Feature"
        },
        {
            "geometry": {
                "coordinates": [
                    -86.919455118,
                    40.434795839,
                    169.1
                ],
                "type": "Point"
            },
            "properties": {
                "REMARKS": "STDM",
                "brand": "Axis",
                "osmId": 253,
                "owner": "Purdue University",
                "surveillanceZone": "Public"
            },
            "type": "Feature"
        },
        {
            "geometry": {
                "coordinates": [
                    -86.919582188,
                    40.435304437,
                    167.8
                ],
                "type": "Point"
            },
            "properties": {
                "REMARKS": "STDM",
                "brand": "Axis",
                "osmId": 254,
                "owner": "Purdue University",
                "surveillanceZone": "Public"
            },
            "type": "Feature"
        },
        {
            "geometry": {
                "coordinates": [
                    -86.919569783,
                    40.43534731,
                    167.8
                ],
                "type": "Point"
            },
            "properties": {
                "REMARKS": "STDM",
                "brand": "Axis",
                "osmId": 255,
                "owner": "Purdue University",
                "surveillanceZone": "Public"
            },
            "type": "Feature"
        },
        {
            "geometry": {
                "coordinates": [
                    -86.919315979,
                    40.437693499,
                    171.5
                ],
                "type": "Point"
            },
            "properties": {
                "REMARKS": "FROST",
                "brand": "Frost Solutions",
                "osmId": 256,
                "owner": "Purdue University",
                "surveillanceZone": "Weather"
            },
            "type": "Feature"
        },
        {
            "geometry": {
                "coordinates": [
                    -86.919118166,
                    40.433845491,
                    172.8
                ],
                "type": "Point"
            },
            "properties": {
                "REMARKS": "STDM",
                "brand": "Axis",
                "osmId": 257,
                "owner": "Purdue University",
                "surveillanceZone": "Public"
            },
            "type": "Feature"
        },
        {
            "geometry": {
                "coordinates": [
                    -86.921158656,
                    40.431756159,
                    157.2
                ],
                "type": "Point"
            },
            "properties": {
                "REMARKS": "OWEN",
                "brand": "Axis",
                "osmId": 258,
                "owner": "Purdue University",
                "surveillanceZone": "Public"
            },
            "type": "Feature"
        },
        {
            "geometry": {
                "coordinates": [
                    -86.919633485,
                    40.432517687,
                    173.1
                ],
                "type": "Point"
            },
            "properties": {
                "REMARKS": "FORD - Loading",
                "brand": "Axis",
                "osmId": 259,
                "owner": "Purdue University",
                "surveillanceZone": "Loading"
            },
            "type": "Feature"
        },
        {
            "geometry": {
                "coordinates": [
                    -86.917003579,
                    40.431703842,
                    172.2
                ],
                "type": "Point"
            },
            "properties": {
                "REMARKS": "CARY",
                "brand": "Axis",
                "osmId": 260,
                "owner": "Purdue University",
                "surveillanceZone": "Public"
            },
            "type": "Feature"
        },
        {
            "geometry": {
                "coordinates": [
                    -86.909860522,
                    40.42234915,
                    241.3
                ],
                "type": "Point"
            },
            "properties": {
                "REMARKS": "PGW",
                "brand": "Axis",
                "osmId": 261,
                "owner": "Purdue University",
                "surveillanceZone": "Parking"
            },
            "type": "Feature"
        },
        {
            "geometry": {
                "coordinates": [
                    -86.910074428,
                    40.422357062,
                    242.5
                ],
                "type": "Point"
            },
            "properties": {
                "REMARKS": "PGW",
                "brand": "Axis",
                "osmId": 262,
                "owner": "Purdue University",
                "surveillanceZone": "Parking"
            },
            "type": "Feature"
        },
        {
            "geometry": {
                "coordinates": [
                    -86.910188086,
                    40.42281726,
                    125.7
                ],
                "type": "Point"
            },
            "properties": {
                "REMARKS": "PGW",
                "brand": "Axis",
                "osmId": 263,
                "owner": "Purdue University",
                "surveillanceZone": "Parking"
            },
            "type": "Feature"
        },
        {
            "geometry": {
                "coordinates": [
                    -86.910178363,
                    40.423337691,
                    142.1
                ],
                "type": "Point"
            },
            "properties": {
                "REMARKS": "PGW",
                "brand": "Axis",
                "osmId": 264,
                "owner": "Purdue University",
                "surveillanceZone": "Parking"
            },
            "type": "Feature"
        },
        {
            "geometry": {
                "coordinates": [
                    -86.909781732,
                    40.423153154,
                    154.3
                ],
                "type": "Point"
            },
            "properties": {
                "REMARKS": "PGW",
                "brand": "Axis",
                "osmId": 265,
                "owner": "Purdue University",
                "surveillanceZone": "Public"
            },
            "type": "Feature"
        },
        {
            "geometry": {
                "coordinates": [
                    -86.910262182,
                    40.423825957,
                    155.2
                ],
                "type": "Point"
            },
            "properties": {
                "REMARKS": "RAWL",
                "brand": "Axis",
                "osmId": 266,
                "owner": "Purdue University",
                "surveillanceZone": "Public"
            },
            "type": "Feature"
        },
        {
            "geometry": {
                "coordinates": [
                    -86.912091114,
                    40.422262879,
                    93.8
                ],
                "type": "Point"
            },
            "properties": {
                "REMARKS": "Emergency",
                "brand": "Axis",
                "osmId": 267,
                "owner": "Purdue University",
                "surveillanceZone": "Emergency"
            },
            "type": "Feature"
        },
        {
            "geometry": {
                "coordinates": [
                    -86.911018565,
                    40.421712576,
                    95.2
                ],
                "type": "Point"
            },
            "properties": {
                "REMARKS": "DAUC",
                "brand": "Axis",
                "osmId": 268,
                "owner": "Purdue University",
                "surveillanceZone": "Public"
            },
            "type": "Feature"
        },
        {
            "geometry": {
                "coordinates": [
                    -86.91083651,
                    40.421708748,
                    96.0
                ],
                "type": "Point"
            },
            "properties": {
                "REMARKS": "DAUC",
                "brand": "Axis",
                "osmId": 269,
                "owner": "Purdue University",
                "surveillanceZone": "Public"
            },
            "type": "Feature"
        },
        {
            "geometry": {
                "coordinates": [
                    -86.911116801,
                    40.421725594,
                    101.2
                ],
                "type": "Point"
            },
            "properties": {
                "REMARKS": "DAUC",
                "brand": "Axis",
                "osmId": 270,
                "owner": "Purdue University",
                "surveillanceZone": "Public"
            },
            "type": "Feature"
        },
        {
            "geometry": {
                "coordinates": [
                    -86.911158711,
                    40.421662549,
                    109.5
                ],
                "type": "Point"
            },
            "properties": {
                "REMARKS": "DAUC",
                "brand": "Axis",
                "osmId": 271,
                "owner": "Purdue University",
                "surveillanceZone": "Public"
            },
            "type": "Feature"
        },
        {
            "geometry": {
                "coordinates": [
                    -86.912397891,
                    40.422618429,
                    110.4
                ],
                "type": "Point"
            },
            "properties": {
                "REMARKS": "PAO",
                "brand": "Axis",
                "osmId": 272,
                "owner": "Purdue University",
                "surveillanceZone": "Public"
            },
            "type": "Feature"
        },
        {
            "geometry": {
                "coordinates": [
                    -86.913188808,
                    40.422769786,
                    110.2
                ],
                "type": "Point"
            },
            "properties": {
                "REMARKS": "PAO - Loading",
                "brand": "Axis",
                "osmId": 273,
                "owner": "Purdue University",
                "surveillanceZone": "Loading"
            },
            "type": "Feature"
        },
        {
            "geometry": {
                "coordinates": [
                    -86.913542189,
                    40.422658246,
                    112.9
                ],
                "type": "Point"
            },
            "properties": {
                "REMARKS": "PAO",
                "brand": "Axis",
                "osmId": 274,
                "owner": "Purdue University",
                "surveillanceZone": "Public"
            },
            "type": "Feature"
        },
        {
            "geometry": {
                "coordinates": [
                    -86.913538836,
                    40.422640124,
                    112.6
                ],
                "type": "Point"
            },
            "properties": {
                "REMARKS": "PAO",
                "brand": "Axis",
                "osmId": 275,
                "owner": "Purdue University",
                "surveillanceZone": "Public"
            },
            "type": "Feature"
        },
        {
            "geometry": {
                "coordinates": [
                    -86.914476939,
                    40.423557705,
                    157.6
                ],
                "type": "Point"
            },
            "properties": {
                "REMARKS": "AGAD",
                "brand": "Axis",
                "osmId": 276,
                "owner": "Purdue University",
                "surveillanceZone": "Public"
            },
            "type": "Feature"
        },
        {
            "geometry": {
                "coordinates": [
                    -86.915230304,
                    40.421376931,
                    152.8
                ],
                "type": "Point"
            },
            "properties": {
                "REMARKS": "NLSN - Loading",
                "brand": "Axis",
                "osmId": 277,
                "owner": "Purdue University",
                "surveillanceZone": "Loading"
            },
            "type": "Feature"
        },
        {
            "geometry": {
                "coordinates": [
                    -86.911711667,
                    40.418893333,
                    153.0
                ],
                "type": "Point"
            },
            "properties": {
                "REMARKS": "Emergency",
                "brand": "Axis",
                "osmId": 278,
                "owner": "Purdue University",
                "surveillanceZone": "Emergency"
            },
            "type": "Feature"
        },
        {
            "geometry": {
                "coordinates": [
                    -86.912301332,
                    40.418397651,
                    153.0
                ],
                "type": "Point"
            },
            "properties": {
                "REMARKS": "Emergency",
                "brand": "Axis",
                "osmId": 279,
                "owner": "Purdue University",
                "surveillanceZone": "Emergency"
            },
            "type": "Feature"
        },
        {
            "geometry": {
                "coordinates": [
                    -86.91146113,
                    40.418229437,
                    0.0
                ],
                "type": "Point"
            },
            "properties": {
                "REMARKS": "BREM",
                "brand": "Axis",
                "osmId": 280,
                "owner": "Purdue University",
                "surveillanceZone": "Public"
            },
            "type": "Feature"
        },
        {
            "geometry": {
                "coordinates": [
                    -86.911473535,
                    40.417918023,
                    0.0
                ],
                "type": "Point"
            },
            "properties": {
                "REMARKS": "BREM",
                "brand": "Axis",
                "osmId": 281,
                "owner": "Purdue University",
                "surveillanceZone": "Public"
            },
            "type": "Feature"
        },
        {
            "geometry": {
                "coordinates": [
                    -86.911279745,
                    40.417879224,
                    0.0
                ],
                "type": "Point"
            },
            "properties": {
                "REMARKS": "BREM",
                "brand": "Axis",
                "osmId": 282,
                "owner": "Purdue University",
                "surveillanceZone": "Public"
            },
            "type": "Feature"
        },
        {
            "geometry": {
                "coordinates": [
                    -86.910823435,
                    40.417861867,
                    0
                ],
                "type": "Point"
            },
            "properties": {
                "REMARKS": "",
                "brand": "Axis",
                "osmId": 283,
                "owner": "Purdue University",
                "surveillanceZone": "Loading"
            },
            "type": "Feature"
        },
        {
            "geometry": {
                "coordinates": [
                    -86.913492233,
                    40.420073639,
                    150.1
                ],
                "type": "Point"
            },
            "properties": {
                "REMARKS": "BRUN",
                "brand": "Axis",
                "osmId": 284,
                "owner": "Purdue University",
                "surveillanceZone": "Public"
            },
            "type": "Feature"
        },
        {
            "geometry": {
                "coordinates": [
                    -86.913945861,
                    40.420078234,
                    150.1
                ],
                "type": "Point"
            },
            "properties": {
                "REMARKS": "LYNN",
                "brand": "Axis",
                "osmId": 285,
                "owner": "Purdue University",
                "surveillanceZone": "Public"
            },
            "type": "Feature"
        },
        {
            "geometry": {
                "coordinates": [
                    -86.913717538,
                    40.419925339,
                    150.1
                ],
                "type": "Point"
            },
            "properties": {
                "REMARKS": "Emergency",
                "brand": "Axis",
                "osmId": 286,
                "owner": "Purdue University",
                "surveillanceZone": "Emergency"
            },
            "type": "Feature"
        },
        {
            "geometry": {
                "coordinates": [
                    -86.913365833,
                    40.419314013,
                    151.8
                ],
                "type": "Point"
            },
            "properties": {
                "REMARKS": "BRUN",
                "brand": "Axis",
                "osmId": 287,
                "owner": "Purdue University",
                "surveillanceZone": "Public"
            },
            "type": "Feature"
        },
        {
            "geometry": {
                "coordinates": [
                    -86.913974695,
                    40.419276491,
                    152.3
                ],
                "type": "Point"
            },
            "properties": {
                "REMARKS": "LYNN",
                "brand": "Axis",
                "osmId": 288,
                "owner": "Purdue University",
                "surveillanceZone": "Public"
            },
            "type": "Feature"
        },
        {
            "geometry": {
                "coordinates": [
                    -86.915482432,
                    40.420224237,
                    153.5
                ],
                "type": "Point"
            },
            "properties": {
                "REMARKS": "VPTH",
                "brand": "Axis",
                "osmId": 289,
                "owner": "Purdue University",
                "surveillanceZone": "Public"
            },
            "type": "Feature"
        },
        {
            "geometry": {
                "coordinates": [
                    -86.915782839,
                    40.420220663,
                    152.9
                ],
                "type": "Point"
            },
            "properties": {
                "REMARKS": "VPTH",
                "brand": "Axis",
                "osmId": 290,
                "owner": "Purdue University",
                "surveillanceZone": "Public"
            },
            "type": "Feature"
        },
        {
            "geometry": {
                "coordinates": [
                    -86.913700104,
                    40.41914912,
                    155.3
                ],
                "type": "Point"
            },
            "properties": {
                "REMARKS": "LYNN - Loading",
                "brand": "Axis",
                "osmId": 291,
                "owner": "Purdue University",
                "surveillanceZone": "Loading"
            },
            "type": "Feature"
        },
        {
            "geometry": {
                "coordinates": [
                    -86.915824078,
                    40.417788863,
                    153.5
                ],
                "type": "Point"
            },
            "properties": {
                "REMARKS": "ADDL",
                "brand": "Axis",
                "osmId": 292,
                "owner": "Purdue University",
                "surveillanceZone": "Public"
            },
            "type": "Feature"
        },
        {
            "geometry": {
                "coordinates": [
                    -86.915875711,
                    40.417824599,
                    153.4
                ],
                "type": "Point"
            },
            "properties": {
                "REMARKS": "ADDL",
                "brand": "Axis",
                "osmId": 293,
                "owner": "Purdue University",
                "surveillanceZone": "Loading"
            },
            "type": "Feature"
        },
        {
            "geometry": {
                "coordinates": [
                    -86.917488389,
                    40.421440487,
                    168.2
                ],
                "type": "Point"
            },
            "properties": {
                "REMARKS": "PGH",
                "brand": "Axis",
                "osmId": 294,
                "owner": "Purdue University",
                "surveillanceZone": "Parking"
            },
            "type": "Feature"
        },
        {
            "geometry": {
                "coordinates": [
                    -86.917666085,
                    40.421447633,
                    165.1
                ],
                "type": "Point"
            },
            "properties": {
                "REMARKS": "PGH - ALPR?",
                "brand": "Unknown",
                "osmId": 295,
                "owner": "Purdue University",
                "surveillanceZone": "Parking"
            },
            "type": "Feature"
        },
        {
            "geometry": {
                "coordinates": [
                    -86.917723753,
                    40.421439721,
                    161.9
                ],
                "type": "Point"
            },
            "properties": {
                "REMARKS": "PGH - ALPR?",
                "brand": "Unknown",
                "osmId": 296,
                "owner": "Purdue University",
                "surveillanceZone": "Parking"
            },
            "type": "Feature"
        },
        {
            "geometry": {
                "coordinates": [
                    -86.917965487,
                    40.421008357,
                    159.8
                ],
                "type": "Point"
            },
            "properties": {
                "REMARKS": "PGH",
                "brand": "Axis",
                "osmId": 297,
                "owner": "Purdue University",
                "surveillanceZone": "Parking"
            },
            "type": "Feature"
        },
        {
            "geometry": {
                "coordinates": [
                    -86.918022148,
                    40.421024437,
                    160.6
                ],
                "type": "Point"
            },
            "properties": {
                "REMARKS": "PGH - ALPR?",
                "brand": "Unknown",
                "osmId": 298,
                "owner": "Purdue University",
                "surveillanceZone": "Parking"
            },
            "type": "Feature"
        },
        {
            "geometry": {
                "coordinates": [
                    -86.918330938,
                    40.420879712,
                    161.9
                ],
                "type": "Point"
            },
            "properties": {
                "REMARKS": "LOLC",
                "brand": "Axis",
                "osmId": 299,
                "owner": "Purdue University",
                "surveillanceZone": "Public"
            },
            "type": "Feature"
        },
        {
            "geometry": {
                "coordinates": [
                    -86.918508969,
                    40.420722225,
                    160.9
                ],
                "type": "Point"
            },
            "properties": {
                "REMARKS": "LOLC",
                "brand": "Axis",
                "osmId": 300,
                "owner": "Purdue University",
                "surveillanceZone": "Public"
            },
            "type": "Feature"
        },
        {
            "geometry": {
                "coordinates": [
                    -86.918359436,
                    40.421454525,
                    160.4
                ],
                "type": "Point"
            },
            "properties": {
                "REMARKS": "CRTN",
                "brand": "Axis",
                "osmId": 301,
                "owner": "Purdue University",
                "surveillanceZone": "Public"
            },
            "type": "Feature"
        },
        {
            "geometry": {
                "coordinates": [
                    -86.918945499,
                    40.421528801,
                    0.0
                ],
                "type": "Point"
            },
            "properties": {
                "REMARKS": "CRTN",
                "brand": "Axis",
                "osmId": 302,
                "owner": "Purdue University",
                "surveillanceZone": "Public"
            },
            "type": "Feature"
        },
        {
            "geometry": {
                "coordinates": [
                    -86.919366606,
                    40.421473668,
                    0.0
                ],
                "type": "Point"
            },
            "properties": {
                "REMARKS": "CRTN",
                "brand": "Axis",
                "osmId": 303,
                "owner": "Purdue University",
                "surveillanceZone": "Public"
            },
            "type": "Feature"
        },
        {
            "geometry": {
                "coordinates": [
                    -86.9193656,
                    40.42120464,
                    156.6
                ],
                "type": "Point"
            },
            "properties": {
                "REMARKS": "CRTN",
                "brand": "Axis",
                "osmId": 304,
                "owner": "Purdue University",
                "surveillanceZone": "Public"
            },
            "type": "Feature"
        },
        {
            "geometry": {
                "coordinates": [
                    -86.918915659,
                    40.420888901,
                    0
                ],
                "type": "Point"
            },
            "properties": {
                "REMARKS": "LOLC",
                "brand": "Axis",
                "osmId": 305,
                "owner": "Purdue University",
                "surveillanceZone": "Loading"
            },
            "type": "Feature"
        },
        {
            "geometry": {
                "coordinates": [
                    -86.917720065,
                    40.421521654,
                    0
                ],
                "type": "Point"
            },
            "properties": {
                "REMARKS": "PGH - ALPR",
                "brand": "Unknown",
                "osmId": 306,
                "owner": "Purdue University",
                "surveillanceZone": "Parking"
            },
            "type": "Feature"
        },
        {
            "geometry": {
                "coordinates": [
                    -86.917689219,
                    40.421518336,
                    0
                ],
                "type": "Point"
            },
            "properties": {
                "REMARKS": "PGH - ALPR",
                "brand": "Unknown",
                "osmId": 307,
                "owner": "Purdue University",
                "surveillanceZone": "Parking"
            },
            "type": "Feature"
        },
        {
            "geometry": {
                "coordinates": [
                    -86.920472011,
                    40.42221719,
                    0.0
                ],
                "type": "Point"
            },
            "properties": {
                "REMARKS": "MJIS",
                "brand": "Axis",
                "osmId": 308,
                "owner": "Purdue University",
                "surveillanceZone": "Public"
            },
            "type": "Feature"
        },
        {
            "geometry": {
                "coordinates": [
                    -86.920951791,
                    40.422239907,
                    0.0
                ],
                "type": "Point"
            },
            "properties": {
                "REMARKS": "MJIS",
                "brand": "Axis",
                "osmId": 309,
                "owner": "Purdue University",
                "surveillanceZone": "Public"
            },
            "type": "Feature"
        },
        {
            "geometry": {
                "coordinates": [
                    -86.921267956,
                    40.42095986,
                    0
                ],
                "type": "Point"
            },
            "properties": {
                "REMARKS": "HOCK",
                "brand": "Unknown",
                "osmId": 310,
                "owner": "Purdue University",
                "surveillanceZone": "Public"
            },
            "type": "Feature"
        },
        {
            "geometry": {
                "coordinates": [
                    -86.923600808,
                    40.421106881,
                    0.0
                ],
                "type": "Point"
            },
            "properties": {
                "REMARKS": "FLEX",
                "brand": "Axis",
                "osmId": 311,
                "owner": "Purdue University",
                "surveillanceZone": "Public"
            },
            "type": "Feature"
        },
        {
            "geometry": {
                "coordinates": [
                    -86.923501566,
                    40.421128322,
                    0.0
                ],
                "type": "Point"
            },
            "properties": {
                "REMARKS": "FLEX",
                "brand": "Axis",
                "osmId": 312,
                "owner": "Purdue University",
                "surveillanceZone": "Public"
            },
            "type": "Feature"
        },
        {
            "geometry": {
                "coordinates": [
                    -86.923837513,
                    40.42012035,
                    0.0
                ],
                "type": "Point"
            },
            "properties": {
                "REMARKS": "PVAB",
                "brand": "Axis",
                "osmId": 313,
                "owner": "Purdue University",
                "surveillanceZone": "Public"
            },
            "type": "Feature"
        },
        {
            "geometry": {
                "coordinates": [
                    -86.923517995,
                    40.421280703,
                    0.0
                ],
                "type": "Point"
            },
            "properties": {
                "REMARKS": "FLEX",
                "brand": "Axis",
                "osmId": 314,
                "owner": "Purdue University",
                "surveillanceZone": "Public"
            },
            "type": "Feature"
        },
        {
            "geometry": {
                "coordinates": [
                    -86.923519336,
                    40.421729678,
                    0.0
                ],
                "type": "Point"
            },
            "properties": {
                "REMARKS": "FLEX",
                "brand": "Axis",
                "osmId": 315,
                "owner": "Purdue University",
                "surveillanceZone": "Public"
            },
            "type": "Feature"
        },
        {
            "geometry": {
                "coordinates": [
                    -86.923517995,
                    40.421970882,
                    0.0
                ],
                "type": "Point"
            },
            "properties": {
                "REMARKS": "FLEX",
                "brand": "Axis",
                "osmId": 316,
                "owner": "Purdue University",
                "surveillanceZone": "Public"
            },
            "type": "Feature"
        },
        {
            "geometry": {
                "coordinates": [
                    -86.923816726,
                    40.421971137,
                    0.0
                ],
                "type": "Point"
            },
            "properties": {
                "REMARKS": "FLEX",
                "brand": "Axis",
                "osmId": 317,
                "owner": "Purdue University",
                "surveillanceZone": "Public"
            },
            "type": "Feature"
        },
        {
            "geometry": {
                "coordinates": [
                    -86.923820414,
                    40.421719723,
                    0
                ],
                "type": "Point"
            },
            "properties": {
                "REMARKS": "FLEX",
                "brand": "Axis",
                "osmId": 318,
                "owner": "Purdue University",
                "surveillanceZone": "Loading"
            },
            "type": "Feature"
        },
        {
            "geometry": {
                "coordinates": [
                    -86.923831478,
                    40.421146444,
                    0.0
                ],
                "type": "Point"
            },
            "properties": {
                "REMARKS": "FLEX",
                "brand": "Axis",
                "osmId": 319,
                "owner": "Purdue University",
                "surveillanceZone": "Public"
            },
            "type": "Feature"
        },
        {
            "geometry": {
                "coordinates": [
                    -86.922058873,
                    40.422283553,
                    0.0
                ],
                "type": "Point"
            },
            "properties": {
                "REMARKS": "TERY",
                "brand": "Axis",
                "osmId": 320,
                "owner": "Purdue University",
                "surveillanceZone": "Public"
            },
            "type": "Feature"
        },
        {
            "geometry": {
                "coordinates": [
                    -86.922064908,
                    40.422542112,
                    0.0
                ],
                "type": "Point"
            },
            "properties": {
                "REMARKS": "TERY",
                "brand": "Axis",
                "osmId": 321,
                "owner": "Purdue University",
                "surveillanceZone": "Public"
            },
            "type": "Feature"
        },
        {
            "geometry": {
                "coordinates": [
                    -86.922192648,
                    40.422581929,
                    0.0
                ],
                "type": "Point"
            },
            "properties": {
                "REMARKS": "TERY",
                "brand": "Axis",
                "osmId": 322,
                "owner": "Purdue University",
                "surveillanceZone": "Public"
            },
            "type": "Feature"
        },
        {
            "geometry": {
                "coordinates": [
                    -86.922748333,
                    40.423261667,
                    161.2
                ],
                "type": "Point"
            },
            "properties": {
                "REMARKS": "MANN",
                "brand": "Axis",
                "osmId": 323,
                "owner": "Purdue University",
                "surveillanceZone": "Public"
            },
            "type": "Feature"
        },
        {
            "geometry": {
                "coordinates": [
                    -86.922885999,
                    40.423103638,
                    0.0
                ],
                "type": "Point"
            },
            "properties": {
                "REMARKS": "MANN",
                "brand": "Axis",
                "osmId": 324,
                "owner": "Purdue University",
                "surveillanceZone": "Public"
            },
            "type": "Feature"
        },
        {
            "geometry": {
                "coordinates": [
                    -86.922830008,
                    40.42282262,
                    0.0
                ],
                "type": "Point"
            },
            "properties": {
                "REMARKS": "MANN",
                "brand": "Axis",
                "osmId": 325,
                "owner": "Purdue University",
                "surveillanceZone": "Public"
            },
            "type": "Feature"
        },
        {
            "geometry": {
                "coordinates": [
                    -86.922441423,
                    40.422580143,
                    0.0
                ],
                "type": "Point"
            },
            "properties": {
                "REMARKS": "TERY",
                "brand": "Axis",
                "osmId": 326,
                "owner": "Purdue University",
                "surveillanceZone": "Public"
            },
            "type": "Feature"
        },
        {
            "geometry": {
                "coordinates": [
                    -86.923516653,
                    40.423294555,
                    0.0
                ],
                "type": "Point"
            },
            "properties": {
                "REMARKS": "Emergency",
                "brand": "Axis",
                "osmId": 327,
                "owner": "Purdue University",
                "surveillanceZone": "Emergency"
            },
            "type": "Feature"
        },
        {
            "geometry": {
                "coordinates": [
                    -86.926838234,
                    40.423733052,
                    0.0
                ],
                "type": "Point"
            },
            "properties": {
                "REMARKS": "CONV",
                "brand": "Axis",
                "osmId": 328,
                "owner": "Purdue University",
                "surveillanceZone": "Public"
            },
            "type": "Feature"
        },
        {
            "geometry": {
                "coordinates": [
                    -86.926838234,
                    40.423949491,
                    0.0
                ],
                "type": "Point"
            },
            "properties": {
                "REMARKS": "CONV",
                "brand": "Axis",
                "osmId": 329,
                "owner": "Purdue University",
                "surveillanceZone": "Public"
            },
            "type": "Feature"
        },
        {
            "geometry": {
                "coordinates": [
                    -86.92716144,
                    40.42416057,
                    0.0
                ],
                "type": "Point"
            },
            "properties": {
                "REMARKS": "CONV",
                "brand": "Axis",
                "osmId": 330,
                "owner": "Purdue University",
                "surveillanceZone": "Public"
            },
            "type": "Feature"
        },
        {
            "geometry": {
                "coordinates": [
                    -86.927164458,
                    40.42336449,
                    0.0
                ],
                "type": "Point"
            },
            "properties": {
                "REMARKS": "CONV",
                "brand": "Axis",
                "osmId": 331,
                "owner": "Purdue University",
                "surveillanceZone": "Public"
            },
            "type": "Feature"
        }
    ],
    "identifiers": {
        "0": 62,
        "1": 63,
        "10": 72,
        "100": 162,
        "101": 163,
        "102": 164,
        "103": 165,
        "104": 166,
        "105": 167,
        "106": 168,
        "107": 169,
        "108": 170,
        "109": 171,
        "11": 73,
        "110": 172,
        "111": 173,
        "112": 174,
        "113": 175,
        "114": 176,
        "115": 177,
        "116": 178,
        "117": 179,
        "118": 180,
        "119": 181,
        "12": 74,
        "120": 182,
        "121": 183,
        "122": 184,
        "123": 185,
        "124": 186,
        "12437509093": 1,
        "12437524320": 2,
        "125": 187,
        "126": 188,
        "127": 189,
        "128": 190,
        "12873197650": 3,
        "129": 191,
        "13": 75,
        "130": 192,
        "131": 193,
        "13165170480": 4,
        "132": 194,
        "133": 195,
        "13305591701": 5,
        "13309829417": 6,
        "13309844401": 7,
        "13309844501": 8,
        "13315604057": 9,
        "13326815301": 10,
        "13326836001": 11,
        "13326844701": 12,
        "13326859702": 13,
        "13326865902": 14,
        "13326868901": 15,
        "13326895601": 16,
        "13326912201": 17,
        "13326942201": 18,
        "13326942901": 19,
        "13326943001": 20,
        "13326943002": 21,
        "13326956301": 22,
        "13326979801": 23,
        "13346720402": 24,
        "13346720403": 25,
        "13349329001": 26,
        "13349329201": 27,
        "134": 196,
        "135": 197,
        "13527147079": 28,
        "13527147080": 29,
        "13527147081": 30,
        "13527147082": 31,
        "13527147083": 32,
        "13527147084": 33,
        "13541136805": 34,
        "13568580501": 35,
        "13574667701": 36,
        "136": 198,
        "13604214401": 37,
        "13604219801": 38,
        "13605708502": 39,
        "13670402201": 40,
        "13675725704": 41,
        "13675862201": 42,
        "13678052901": 43,
        "13678218101": 44,
        "13683385401": 45,
        "137": 199,
        "138": 200,
        "13831120701": 46,
        "139": 201,
        "13956513102": 47,
        "13956535001": 48,
        "13956538601": 49,
        "13959165401": 50,
        "14": 76,
        "140": 202,
        "14057092602": 51,
        "14057263901": 52,
        "14061659701": 53,
        "14097149301": 54,
        "141": 203,
        "14104352317": 55,
        "14108917802": 56,
        "14125423203": 57,
        "14133719301": 58,
        "14141122701": 59,
        "14155959601": 60,
        "14183163701": 61,
        "142": 204,
        "143": 205,
        "144": 206,
        "145": 207,
        "146": 208,
        "147": 209,
        "148": 210,
        "149": 211,
        "15": 77,
        "150": 212,
        "151": 213,
        "152": 214,
        "153": 215,
        "154": 216,
        "155": 217,
        "156": 218,
        "157": 219,
        "158": 220,
        "159": 221,
        "16": 78,
        "160": 222,
        "161": 223,
        "162": 224,
        "163": 225,
        "164": 226,
        "165": 227,
        "166": 228,
        "167": 229,
        "168": 230,
        "169": 231,
        "17": 79,
        "170": 232,
        "171": 233,
        "172": 234,
        "173": 235,
        "174": 236,
        "175": 237,
        "176": 238,
        "177": 239,
        "178": 240,
        "179": 241,
        "18": 80,
        "180": 242,
        "181": 243,
        "182": 244,
        "183": 245,
        "184": 246,
        "185": 247,
        "186": 248,
        "187": 249,
        "188": 250,
        "189": 251,
        "19": 81,
        "190": 252,
        "191": 253,
        "192": 254,
        "193": 255,
        "194": 256,
        "195": 257,
        "196": 258,
        "197": 259,
        "198": 260,
        "199": 261,
        "2": 64,
        "20": 82,
        "200": 262,
        "201": 263,
        "202": 264,
        "203": 265,
        "204": 266,
        "205": 267,
        "206": 268,
        "207": 269,
        "208": 270,
        "209": 271,
        "21": 83,
        "210": 272,
        "211": 273,
        "212": 274,
        "213": 275,
        "214": 276,
        "215": 277,
        "216": 278,
        "217": 279,
        "218": 280,
        "219": 281,
        "22": 84,
        "220": 282,
        "221": 283,
        "222": 284,
        "223": 285,
        "224": 286,
        "225": 287,
        "226": 288,
        "227": 289,
        "228": 290,
        "229": 291,
        "23": 85,
        "230": 292,
        "231": 293,
        "232": 294,
        "233": 295,
        "234": 296,
        "235": 297,
        "236": 298,
        "237": 299,
        "238": 300,
        "239": 301,
        "24": 86,
        "240": 302,
        "241": 303,
        "242": 304,
        "243": 305,
        "244": 306,
        "245": 307,
        "246": 308,
        "247": 309,
        "248": 310,
        "249": 311,
        "25": 87,
        "250": 312,
        "251": 313,
        "252": 314,
        "253": 315,
        "254": 316,
        "255": 317,
        "256": 318,
        "257": 319,
        "258": 320,
        "259": 321,
        "26": 88,
        "260": 322,
        "261": 323,
        "262": 324,
        "263": 325,
        "264": 326,
        "265": 327,
        "266": 328,
        "267": 329,
        "268": 330,
        "269": 331,
        "27": 89,
        "270": 332,
        "271": 333,
        "272": 334,
        "273": 335,
        "274": 336,
        "275": 337,
        "276": 338,
        "277": 339,
        "278": 340,
        "279": 341,
        "28": 90,
        "280": 342,
        "281": 343,
        "282": 344,
        "283": 345,
        "284": 346,
        "285": 347,
        "286": 348,
        "287": 349,
        "288": 350,
        "289": 351,
        "29": 91,
        "290": 352,
        "291": 353,
        "292": 354,
        "293": 355,
        "294": 356,
        "295": 357,
        "296": 358,
        "297": 359,
        "298": 360,
        "299": 361,
        "3": 65,
        "30": 92,
        "300": 362,
        "301": 363,
        "302": 364,
        "303": 365,
        "304": 366,
        "305": 367,
        "306": 368,
        "307": 369,
        "308": 370,
        "309": 371,
        "31": 93,
        "310": 372,
        "311": 373,
        "312": 374,
        "313": 375,
        "314": 376,
        "315": 377,
        "316": 378,
        "317": 379,
        "318": 380,
        "319": 381,
        "32": 94,
        "320": 382,
        "321": 383,
        "322": 384,
        "323": 385,
        "324": 386,
        "325": 387,
        "326": 388,
        "327": 389,
        "328": 390,
        "329": 391,
        "33": 95,
        "330": 392,
        "331": 393,
        "34": 96,
        "35": 97,
        "36": 98,
        "37": 99,
        "38": 100,
        "39": 101,
        "4": 66,
        "40": 102,
        "41": 103,
        "42": 104,
        "43": 105,
        "44": 106,
        "45": 107,
        "46": 108,
        "47": 109,
        "48": 110,
        "49": 111,
        "5": 67,
        "50": 112,
        "51": 113,
        "52": 114,
        "53": 115,
        "54": 116,
        "55": 117,
        "56": 118,
        "57": 119,
        "58": 120,
        "59": 121,
        "6": 68,
        "60": 122,
        "61": 123,
        "62": 124,
        "63": 125,
        "64": 126,
        "65": 127,
        "66": 128,
        "67": 129,
        "68": 130,
        "69": 131,
        "6961175971": 0,
        "7": 69,
        "70": 132,
        "71": 133,
        "72": 134,
        "73": 135,
        "74": 136,
        "75": 137,
        "76": 138,
        "77": 139,
        "78": 140,
        "79": 141,
        "8": 70,
        "80": 142,
        "81": 143,
        "82": 144,
        "83": 145,
        "84": 146,
        "85": 147,
        "86": 148,
        "87": 149,
        "88": 150,
        "89": 151,
        "9": 71,
        "90": 152,
        "91": 153,
        "92": 154,
        "93": 155,
        "94": 156,
        "95": 157,
        "96": 158,
        "97": 159,
        "98": 160,
        "99": 161
    },
    "type": "FeatureCollection"
}